numero,mes,categoria_csv,titulo,estrategia_ctr,mv_categoria_primaria,mv_categoria_secundaria,mv_categoria_terciaria,observacao_mapeamento
01,Abril,Eletrificação,O carro elétrico que o Brasil ainda não comprou — e o que vai mudar isso em 2025,Tensão + curiosidade + promessa de resposta. Evita perguntas diretas que o Gemini resume.,Novidades Automotivas,Dicas e Curiosidades,Concessionarias e Revendas,"Usar Novidades Automotivas quando a pauta for mercado, lancamento, infraestrutura ou mudanca setorial; usar Dicas e Curiosidades quando o foco for explicacao ao leitor comum; usar Concessionarias e Revendas quando a pauta afetar compra, revenda ou adocao comercial."
02,Abril,Eletrificação,Híbridos flex: por que essa tecnologia pode ser a transição mais inteligente para o mercado brasileiro,Argumento controverso + contexto local. Difícil de resumir sem perder o raciocínio.,Novidades Automotivas,Dicas e Curiosidades,Concessionarias e Revendas,"Usar Novidades Automotivas quando a pauta for mercado, lancamento, infraestrutura ou mudanca setorial; usar Dicas e Curiosidades quando o foco for explicacao ao leitor comum; usar Concessionarias e Revendas quando a pauta afetar compra, revenda ou adocao comercial."
03,Abril,Eletrificação,Recarga em 15 minutos muda tudo — menos para quem ainda não tem onde recarregar,Afirmação + contraponto embutido. Gera curiosidade sem ser clickbait óbvio.,Novidades Automotivas,Dicas e Curiosidades,Concessionarias e Revendas,"Usar Novidades Automotivas quando a pauta for mercado, lancamento, infraestrutura ou mudanca setorial; usar Dicas e Curiosidades quando o foco for explicacao ao leitor comum; usar Concessionarias e Revendas quando a pauta afetar compra, revenda ou adocao comercial."
04,Abril,Eletrificação,Bateria sólida em 2026: o que isso significa de verdade para quem compra carro no Brasil,De verdade posiciona o artigo como tradutor de tendência — resistente ao resumo genérico.,Novidades Automotivas,Dicas e Curiosidades,Concessionarias e Revendas,"Usar Novidades Automotivas quando a pauta for mercado, lancamento, infraestrutura ou mudanca setorial; usar Dicas e Curiosidades quando o foco for explicacao ao leitor comum; usar Concessionarias e Revendas quando a pauta afetar compra, revenda ou adocao comercial."
05,Abril,Software & Tech,O carro que atualiza como o celular — e por que isso vai redefinir o valor de revenda,Analogia familiar + consequência financeira concreta. Alta intenção de leitura.,Novidades Automotivas,Dicas e Curiosidades,Gestao e Operacao Automotiva,Concentrar em Novidades Automotivas para tecnologia embarcada e movimento de montadoras; usar Dicas e Curiosidades para explicacoes de uso/impacto; usar Gestao e Operacao Automotiva quando o foco for impacto operacional no negocio automotivo.
06,Abril,Software & Tech,Software-defined vehicle não é tendência — é o novo padrão. E as montadoras atrasadas vão pagar caro,Afirmação direta + ameaça. Gera engajamento emocional e evita síntese fácil.,Novidades Automotivas,Dicas e Curiosidades,Gestao e Operacao Automotiva,Concentrar em Novidades Automotivas para tecnologia embarcada e movimento de montadoras; usar Dicas e Curiosidades para explicacoes de uso/impacto; usar Gestao e Operacao Automotiva quando o foco for impacto operacional no negocio automotivo.
07,Abril,Software & Tech,ADAS no Brasil: o que os sistemas de assistência à condução ainda não conseguem fazer nas nossas estradas,Contexto local específico. O Gemini não tem esse ângulo — precisa do artigo completo.,Novidades Automotivas,Dicas e Curiosidades,Gestao e Operacao Automotiva,Concentrar em Novidades Automotivas para tecnologia embarcada e movimento de montadoras; usar Dicas e Curiosidades para explicacoes de uso/impacto; usar Gestao e Operacao Automotiva quando o foco for impacto operacional no negocio automotivo.
08,Abril,Software & Tech,Conectividade veicular em 2026: quando o carro sabe mais sobre você do que você imagina,Provoca desconforto produtivo. Funciona bem para leitores de negócios e consumidores.,Novidades Automotivas,Dicas e Curiosidades,Gestao e Operacao Automotiva,Concentrar em Novidades Automotivas para tecnologia embarcada e movimento de montadoras; usar Dicas e Curiosidades para explicacoes de uso/impacto; usar Gestao e Operacao Automotiva quando o foco for impacto operacional no negocio automotivo.
09,Abril,Aftermarket,O aftermarket que sobrevive à eletrificação — e o que precisa mudar agora para não ficar para trás,Urgência + sobrevivência. Apela para quem está no setor e sente a pressão.,Autopecas e Acessorios,Oficinas e Centros Automotivos,Gestao e Operacao Automotiva,"Melhor encaixe estrutural no MV. Direcionar para Autopecas e Acessorios quando a pauta orbitar componentes e distribuicao; para Oficinas e Centros Automotivos quando envolver servico, diagnostico ou adaptacao tecnica; para Gestao e Operacao quando o foco for estrategia do setor."
10,Abril,Aftermarket,"Diagnóstico por IA, peças sob demanda e assinatura de manutenção: o novo negócio do aftermarket automotivo",Três ideias concretas em série. Difícil de resumir sem perder o conjunto.,Autopecas e Acessorios,Oficinas e Centros Automotivos,Gestao e Operacao Automotiva,"Melhor encaixe estrutural no MV. Direcionar para Autopecas e Acessorios quando a pauta orbitar componentes e distribuicao; para Oficinas e Centros Automotivos quando envolver servico, diagnostico ou adaptacao tecnica; para Gestao e Operacao quando o foco for estrategia do setor."
11,Abril,Aftermarket,A oficina mecânica tradicional tem futuro? O que os dados de 2025 dizem sobre a sobrevivência do setor,Pergunta que o leitor do setor quer responder. Âncora temporal aumenta credibilidade.,Autopecas e Acessorios,Oficinas e Centros Automotivos,Gestao e Operacao Automotiva,"Melhor encaixe estrutural no MV. Direcionar para Autopecas e Acessorios quando a pauta orbitar componentes e distribuicao; para Oficinas e Centros Automotivos quando envolver servico, diagnostico ou adaptacao tecnica; para Gestao e Operacao quando o foco for estrategia do setor."
12,Abril,Mobilidade,Mobilidade urbana em 2026: por que a disputa não é mais entre carro e transporte público,Reframe de narrativa conhecida. Instiga quem já tem opinião formada.,Dicas e Curiosidades,Novidades Automotivas,Seguro e Protecao Veicular,"Usar com criterio. Vai melhor quando houver ponte clara com decisao automotiva, comportamento do consumidor ou impacto regulatorio/mercado no Brasil."
13,Abril,Mobilidade,"Carro por assinatura, por aplicativo ou para sempre? Como o brasileiro vai se relacionar com o veículo nos próximos anos",Múltiplas opções geram identificação. Longo prazo aumenta relevância editorial.,Dicas e Curiosidades,Novidades Automotivas,Seguro e Protecao Veicular,"Usar com criterio. Vai melhor quando houver ponte clara com decisao automotiva, comportamento do consumidor ou impacto regulatorio/mercado no Brasil."
14,Abril,Mobilidade,Veículo autônomo no Brasil: realidade ou ficção? O mapa do que já existe e do que ainda falta,Mapa do que falta promete conteúdo original e estruturado. Resistente a resumo.,Dicas e Curiosidades,Novidades Automotivas,Seguro e Protecao Veicular,"Usar com criterio. Vai melhor quando houver ponte clara com decisao automotiva, comportamento do consumidor ou impacto regulatorio/mercado no Brasil."
15,Abril,Negócios,As montadoras que vão liderar 2030 já estão tomando decisões agora — e elas não são as que você espera,Surpresa implícita + urgência. Funciona para executivos e investidores.,Marketing e Vendas para Negocios,Gestao de Clientes e CRM,Gestao e Operacao Automotiva,"Categoria-fonte boa para frente B2B. Traduzir para Marketing e Vendas, CRM ou Gestao e Operacao conforme a dor principal do operador automotivo."
16,Abril,Negócios,"Cadeia de suprimentos automotiva pós-crise: o que mudou, o que não voltou e o que ninguém está contando",O que ninguém está contando posiciona como insider. Alta percepção de exclusividade.,Marketing e Vendas para Negocios,Gestao de Clientes e CRM,Gestao e Operacao Automotiva,"Categoria-fonte boa para frente B2B. Traduzir para Marketing e Vendas, CRM ou Gestao e Operacao conforme a dor principal do operador automotivo."
17,Abril,Negócios,Regulamentação de emissões em 2026: o calendário que vai forçar decisões que o setor ainda quer adiar,Conflito real do setor. Gera leitura por pressão e interesse estratégico.,Marketing e Vendas para Negocios,Gestao de Clientes e CRM,Gestao e Operacao Automotiva,"Categoria-fonte boa para frente B2B. Traduzir para Marketing e Vendas, CRM ou Gestao e Operacao conforme a dor principal do operador automotivo."
18,Abril,Negócios,Sustentabilidade no setor automotivo: além do ESG — o que realmente move agulha nos resultados,Além do ESG é uma inversão que atrai leitores céticos do tema. Alta taxa de clique B2B.,Marketing e Vendas para Negocios,Gestao de Clientes e CRM,Gestao e Operacao Automotiva,"Categoria-fonte boa para frente B2B. Traduzir para Marketing e Vendas, CRM ou Gestao e Operacao conforme a dor principal do operador automotivo."
19,Abril,IA & Dados,"IA no carro, IA na fábrica, IA na concessionária — onde ela realmente está gerando resultado agora",Tripla repetição de IA + âncora de resultado concreto. Evita ser vago.,Gestao e Operacao Automotiva,Marketing e Vendas para Negocios,Novidades Automotivas,"Nao tratar como categoria publica propria por enquanto. Encaixar conforme o uso pratico: operacao, vendas ou novidade de mercado."
20,Abril,IA & Dados,"O consumidor automotivo de 2026 deixou de comprar carro — e passou a comprar dados, experiência e conveniência",Reframe provocador do comportamento de compra. Difícil resumir sem distorcer.,Gestao e Operacao Automotiva,Marketing e Vendas para Negocios,Novidades Automotivas,"Nao tratar como categoria publica propria por enquanto. Encaixar conforme o uso pratico: operacao, vendas ou novidade de mercado."
21,Abril,Consumidor,"O comprador de carro de 2026 pesquisa mais, visita menos a concessionária — e espera muito mais do vendedor",Tensão entre comportamento digital e experiência física. Ressoa com o setor de vendas.,Concessionarias e Revendas,Dicas e Curiosidades,Seguro e Protecao Veicular,"Nao publicar como categoria generica. Quebrar por intencao real: compra, confianca, risco, financiamento, decisao de troca ou aprendizado."
22,Abril,Consumidor,Geração Z não quer possuir carro — mas vai mudar de ideia. Entenda por quê,Contradição embutida força o clique. Difícil resumir sem contar o argumento.,Concessionarias e Revendas,Dicas e Curiosidades,Seguro e Protecao Veicular,"Nao publicar como categoria generica. Quebrar por intencao real: compra, confianca, risco, financiamento, decisao de troca ou aprendizado."
23,Abril,Consumidor,Por que o brasileiro ainda desconfia do carro elétrico — e o que a indústria precisa fazer para mudar isso,Âncora cultural local + responsabilidade da indústria. Gemini não tem esse recorte.,Concessionarias e Revendas,Dicas e Curiosidades,Seguro e Protecao Veicular,"Nao publicar como categoria generica. Quebrar por intencao real: compra, confianca, risco, financiamento, decisao de troca ou aprendizado."
24,Abril,Consumidor,"Financiamento, assinatura ou leasing? O modelo que mais cresce no Brasil não é o que você imagina",Três opções + inversão de expectativa. Alta intenção de descoberta.,Concessionarias e Revendas,Dicas e Curiosidades,Seguro e Protecao Veicular,"Nao publicar como categoria generica. Quebrar por intencao real: compra, confianca, risco, financiamento, decisao de troca ou aprendizado."
25,Abril,Eletrificação,Infraestrutura de recarga no Brasil: o gargalo que nenhum incentivo fiscal vai resolver sozinho,Crítica estrutural com nuance política. Exige o artigo completo para fazer sentido.,Novidades Automotivas,Dicas e Curiosidades,Concessionarias e Revendas,"Usar Novidades Automotivas quando a pauta for mercado, lancamento, infraestrutura ou mudanca setorial; usar Dicas e Curiosidades quando o foco for explicacao ao leitor comum; usar Concessionarias e Revendas quando a pauta afetar compra, revenda ou adocao comercial."
26,Abril,Eletrificação,O imposto que encarece o elétrico importado e o incentivo que não chegou ao consumidor final,"Tensão fiscal concreta. Atrai leitores de negócios, política e consumo.",Novidades Automotivas,Dicas e Curiosidades,Concessionarias e Revendas,"Usar Novidades Automotivas quando a pauta for mercado, lancamento, infraestrutura ou mudanca setorial; usar Dicas e Curiosidades quando o foco for explicacao ao leitor comum; usar Concessionarias e Revendas quando a pauta afetar compra, revenda ou adocao comercial."
27,Abril,Eletrificação,Montadoras estrangeiras estão apostando no Brasil elétrico — as nacionais ainda estão no aguardo,Conflito entre players nacionais e estrangeiros. Gera debate e engajamento.,Novidades Automotivas,Dicas e Curiosidades,Concessionarias e Revendas,"Usar Novidades Automotivas quando a pauta for mercado, lancamento, infraestrutura ou mudanca setorial; usar Dicas e Curiosidades quando o foco for explicacao ao leitor comum; usar Concessionarias e Revendas quando a pauta afetar compra, revenda ou adocao comercial."
28,Abril,Software & Tech,O carro que aprende com você: como os dados de comportamento estão moldando o próximo veículo que você vai comprar,Personalização + implicação futura. Combina IA e experiência do usuário de forma tangível.,Novidades Automotivas,Dicas e Curiosidades,Gestao e Operacao Automotiva,Concentrar em Novidades Automotivas para tecnologia embarcada e movimento de montadoras; usar Dicas e Curiosidades para explicacoes de uso/impacto; usar Gestao e Operacao Automotiva quando o foco for impacto operacional no negocio automotivo.
29,Abril,Software & Tech,Cibersegurança veicular: o risco que cresce junto com a conectividade — e que poucos fabricantes falam abertamente,Poucos falam abertamente aciona o instinto de acesso privilegiado. Alta percepção de exclusividade.,Novidades Automotivas,Dicas e Curiosidades,Gestao e Operacao Automotiva,Concentrar em Novidades Automotivas para tecnologia embarcada e movimento de montadoras; usar Dicas e Curiosidades para explicacoes de uso/impacto; usar Gestao e Operacao Automotiva quando o foco for impacto operacional no negocio automotivo.
30,Abril,Software & Tech,"OTA updates no carro: conveniência para o dono, novo modelo de receita para a montadora",Dois ângulos em um título. Atrai consumidor e executivo ao mesmo tempo.,Novidades Automotivas,Dicas e Curiosidades,Gestao e Operacao Automotiva,Concentrar em Novidades Automotivas para tecnologia embarcada e movimento de montadoras; usar Dicas e Curiosidades para explicacoes de uso/impacto; usar Gestao e Operacao Automotiva quando o foco for impacto operacional no negocio automotivo.
31,Abril,Aftermarket,Peças originais vs. paralelas em 2026: a batalha que a digitalização está redesenhando,Conflito clássico + novo contexto. Ressoa com quem já conhece o setor.,Autopecas e Acessorios,Oficinas e Centros Automotivos,Gestao e Operacao Automotiva,"Melhor encaixe estrutural no MV. Direcionar para Autopecas e Acessorios quando a pauta orbitar componentes e distribuicao; para Oficinas e Centros Automotivos quando envolver servico, diagnostico ou adaptacao tecnica; para Gestao e Operacao quando o foco for estrategia do setor."
32,Abril,Aftermarket,Como os distribuidores de autopeças estão usando dados para não perder espaço para o e-commerce,Verbo ativo + ameaça real. Apelo direto para profissionais do aftermarket.,Autopecas e Acessorios,Oficinas e Centros Automotivos,Gestao e Operacao Automotiva,"Melhor encaixe estrutural no MV. Direcionar para Autopecas e Acessorios quando a pauta orbitar componentes e distribuicao; para Oficinas e Centros Automotivos quando envolver servico, diagnostico ou adaptacao tecnica; para Gestao e Operacao quando o foco for estrategia do setor."
33,Abril,Aftermarket,O carro elétrico quebra diferente — e o técnico que não se atualizar vai ficar sem cliente,Alerta direto ao profissional. Urgência + consequência pessoal. Alto CTR no nicho.,Autopecas e Acessorios,Oficinas e Centros Automotivos,Gestao e Operacao Automotiva,"Melhor encaixe estrutural no MV. Direcionar para Autopecas e Acessorios quando a pauta orbitar componentes e distribuicao; para Oficinas e Centros Automotivos quando envolver servico, diagnostico ou adaptacao tecnica; para Gestao e Operacao quando o foco for estrategia do setor."
34,Abril,Mobilidade,Frota corporativa em transformação: como as empresas estão repensando a política de veículos para 2026,Público B2B com dor real. Gestores de frota buscam exatamente esse conteúdo.,Dicas e Curiosidades,Novidades Automotivas,Seguro e Protecao Veicular,"Usar com criterio. Vai melhor quando houver ponte clara com decisao automotiva, comportamento do consumidor ou impacto regulatorio/mercado no Brasil."
35,Abril,Mobilidade,"MaaS, micromobilidade e o carro particular: como essas três forças vão coexistir nas cidades brasileiras",Três conceitos + contexto local. Difícil de sintetizar sem perder o argumento central.,Dicas e Curiosidades,Novidades Automotivas,Seguro e Protecao Veicular,"Usar com criterio. Vai melhor quando houver ponte clara com decisao automotiva, comportamento do consumidor ou impacto regulatorio/mercado no Brasil."
36,Abril,Negócios,A concessionária que não se reinventar até 2027 vai enfrentar um problema que não tem solução simples,Prazo concreto + ameaça sem resposta fácil. Gera ansiedade produtiva e clique.,Marketing e Vendas para Negocios,Gestao de Clientes e CRM,Gestao e Operacao Automotiva,"Categoria-fonte boa para frente B2B. Traduzir para Marketing e Vendas, CRM ou Gestao e Operacao conforme a dor principal do operador automotivo."
37,Abril,Negócios,Novos modelos de negócio no setor automotivo: o que os incumbentes ainda não entenderam sobre plataformas,Ainda não entenderam posiciona o artigo acima do leitor — instiga quem quer saber mais.,Marketing e Vendas para Negocios,Gestao de Clientes e CRM,Gestao e Operacao Automotiva,"Categoria-fonte boa para frente B2B. Traduzir para Marketing e Vendas, CRM ou Gestao e Operacao conforme a dor principal do operador automotivo."
38,Abril,Negócios,Descarbonização da cadeia automotiva: quem vai pagar essa conta — e como repassar sem perder competitividade,Pergunta financeira concreta dentro de pauta ESG. Atrai gestores e CFOs.,Marketing e Vendas para Negocios,Gestao de Clientes e CRM,Gestao e Operacao Automotiva,"Categoria-fonte boa para frente B2B. Traduzir para Marketing e Vendas, CRM ou Gestao e Operacao conforme a dor principal do operador automotivo."
39,Abril,IA & Dados,Como a inteligência artificial está mudando o processo de desenvolvimento de veículos — do design à homologação,Jornada completa em um título. Amplia o público sem perder profundidade.,Gestao e Operacao Automotiva,Marketing e Vendas para Negocios,Novidades Automotivas,"Nao tratar como categoria publica propria por enquanto. Encaixar conforme o uso pratico: operacao, vendas ou novidade de mercado."
40,Abril,IA & Dados,"Precificação dinâmica, seguro por comportamento e manutenção preditiva: o novo ecossistema de dados do carro conectado",Três aplicações concretas em série. Soa como lista exclusiva — difícil de resumir.,Gestao e Operacao Automotiva,Marketing e Vendas para Negocios,Novidades Automotivas,"Nao tratar como categoria publica propria por enquanto. Encaixar conforme o uso pratico: operacao, vendas ou novidade de mercado."
41,Maio,Consumidor,"O comprador de carro de 2026 pesquisa mais, visita menos a concessionária — e espera muito mais do vendedor",Tensão entre comportamento digital e experiência física. Ressoa com o setor de vendas.,Concessionarias e Revendas,Dicas e Curiosidades,Seguro e Protecao Veicular,"Nao publicar como categoria generica. Quebrar por intencao real: compra, confianca, risco, financiamento, decisao de troca ou aprendizado."
42,Maio,Consumidor,Geração Z não quer possuir carro — mas vai mudar de ideia. Entenda por quê,Contradição embutida força o clique. Difícil resumir sem contar o argumento.,Concessionarias e Revendas,Dicas e Curiosidades,Seguro e Protecao Veicular,"Nao publicar como categoria generica. Quebrar por intencao real: compra, confianca, risco, financiamento, decisao de troca ou aprendizado."
43,Maio,Consumidor,Por que o brasileiro ainda desconfia do carro elétrico — e o que a indústria precisa fazer para mudar isso,Âncora cultural local + responsabilidade da indústria. Gemini não tem esse recorte.,Concessionarias e Revendas,Dicas e Curiosidades,Seguro e Protecao Veicular,"Nao publicar como categoria generica. Quebrar por intencao real: compra, confianca, risco, financiamento, decisao de troca ou aprendizado."
44,Maio,Consumidor,"Financiamento, assinatura ou leasing? O modelo que mais cresce no Brasil não é o que você imagina",Três opções + inversão de expectativa. Alta intenção de descoberta.,Concessionarias e Revendas,Dicas e Curiosidades,Seguro e Protecao Veicular,"Nao publicar como categoria generica. Quebrar por intencao real: compra, confianca, risco, financiamento, decisao de troca ou aprendizado."
45,Maio,Eletrificação,"Lítio, cobalto e sódio: a corrida pelos materiais que vão definir qual bateria domina o carro elétrico de 2027",Disputa concreta de insumos. Nenhum resumo de IA entrega o argumento completo.,Novidades Automotivas,Dicas e Curiosidades,Concessionarias e Revendas,"Usar Novidades Automotivas quando a pauta for mercado, lancamento, infraestrutura ou mudanca setorial; usar Dicas e Curiosidades quando o foco for explicacao ao leitor comum; usar Concessionarias e Revendas quando a pauta afetar compra, revenda ou adocao comercial."
46,Maio,Eletrificação,Por que o preço do carro elétrico ainda não caiu no Brasil — e quando isso vai realmente acontecer,Quando vai acontecer é pergunta de intenção alta. Força o clique para descobrir a resposta.,Novidades Automotivas,Dicas e Curiosidades,Concessionarias e Revendas,"Usar Novidades Automotivas quando a pauta for mercado, lancamento, infraestrutura ou mudanca setorial; usar Dicas e Curiosidades quando o foco for explicacao ao leitor comum; usar Concessionarias e Revendas quando a pauta afetar compra, revenda ou adocao comercial."
47,Maio,Eletrificação,Elétrico de entrada: o segmento que as montadoras prometem há anos e o Brasil ainda espera nas concessionárias,Frustração do consumidor + cobrança à indústria. Alta identificação.,Novidades Automotivas,Dicas e Curiosidades,Concessionarias e Revendas,"Usar Novidades Automotivas quando a pauta for mercado, lancamento, infraestrutura ou mudanca setorial; usar Dicas e Curiosidades quando o foco for explicacao ao leitor comum; usar Concessionarias e Revendas quando a pauta afetar compra, revenda ou adocao comercial."
48,Maio,Eletrificação,A segunda vida da bateria do carro elétrico: oportunidade de negócio ou problema ambiental disfarçado?,Tensão entre oportunidade e risco. Dupla leitura aumenta o alcance de público.,Novidades Automotivas,Dicas e Curiosidades,Concessionarias e Revendas,"Usar Novidades Automotivas quando a pauta for mercado, lancamento, infraestrutura ou mudanca setorial; usar Dicas e Curiosidades quando o foco for explicacao ao leitor comum; usar Concessionarias e Revendas quando a pauta afetar compra, revenda ou adocao comercial."
49,Maio,Eletrificação,Hidrogênio vs. elétrico a bateria: a disputa que vai dividir a indústria automotiva pelos próximos 10 anos,Confronto de tecnologias com prazo longo. Difícil de resumir sem tomar partido.,Novidades Automotivas,Dicas e Curiosidades,Concessionarias e Revendas,"Usar Novidades Automotivas quando a pauta for mercado, lancamento, infraestrutura ou mudanca setorial; usar Dicas e Curiosidades quando o foco for explicacao ao leitor comum; usar Concessionarias e Revendas quando a pauta afetar compra, revenda ou adocao comercial."
50,Maio,Eletrificação,Frotas elétricas corporativas no Brasil: quem já está fazendo a transição e o que ainda trava os demais,Casos reais + obstáculos concretos. Público B2B de alta intenção.,Novidades Automotivas,Dicas e Curiosidades,Concessionarias e Revendas,"Usar Novidades Automotivas quando a pauta for mercado, lancamento, infraestrutura ou mudanca setorial; usar Dicas e Curiosidades quando o foco for explicacao ao leitor comum; usar Concessionarias e Revendas quando a pauta afetar compra, revenda ou adocao comercial."
51,Maio,Software & Tech,O cockpit digital que substituiu o painel analógico — e por que metade dos motoristas ainda prefere o antigo,Paradoxo entre inovação e comportamento. Gera debate nos comentários.,Novidades Automotivas,Dicas e Curiosidades,Gestao e Operacao Automotiva,Concentrar em Novidades Automotivas para tecnologia embarcada e movimento de montadoras; usar Dicas e Curiosidades para explicacoes de uso/impacto; usar Gestao e Operacao Automotiva quando o foco for impacto operacional no negocio automotivo.
52,Maio,Software & Tech,De fabricante de carros a empresa de tecnologia: a transformação que as montadoras ainda não completaram,Ainda não completaram cria tensão narrativa. Resistente ao AI Overview.,Novidades Automotivas,Dicas e Curiosidades,Gestao e Operacao Automotiva,Concentrar em Novidades Automotivas para tecnologia embarcada e movimento de montadoras; usar Dicas e Curiosidades para explicacoes de uso/impacto; usar Gestao e Operacao Automotiva quando o foco for impacto operacional no negocio automotivo.
53,Maio,Software & Tech,Plataforma veicular única para múltiplos modelos: a aposta de engenharia que pode mudar o custo de desenvolver carros,Conceito técnico com impacto financeiro. Atrai engenheiros e executivos.,Novidades Automotivas,Dicas e Curiosidades,Gestao e Operacao Automotiva,Concentrar em Novidades Automotivas para tecnologia embarcada e movimento de montadoras; usar Dicas e Curiosidades para explicacoes de uso/impacto; usar Gestao e Operacao Automotiva quando o foco for impacto operacional no negocio automotivo.
54,Maio,Software & Tech,Por que o sistema de infotainment do seu carro já está desatualizado antes de você sair da concessionária,Problema real do comprador. Alta identificação e frustração compartilhada.,Novidades Automotivas,Dicas e Curiosidades,Gestao e Operacao Automotiva,Concentrar em Novidades Automotivas para tecnologia embarcada e movimento de montadoras; usar Dicas e Curiosidades para explicacoes de uso/impacto; usar Gestao e Operacao Automotiva quando o foco for impacto operacional no negocio automotivo.
55,Maio,Software & Tech,Edge computing no veículo: quando o carro processa dados sem depender da nuvem — e por que isso importa,Conceito técnico traduzido em benefício. Público de tech e produto automotivo.,Novidades Automotivas,Dicas e Curiosidades,Gestao e Operacao Automotiva,Concentrar em Novidades Automotivas para tecnologia embarcada e movimento de montadoras; usar Dicas e Curiosidades para explicacoes de uso/impacto; usar Gestao e Operacao Automotiva quando o foco for impacto operacional no negocio automotivo.
56,Maio,Software & Tech,"ADAS nível 2, 3 e 4: o que cada nível realmente significa para quem está atrás do volante agora",O que realmente significa posiciona o artigo como tradutor. Alto CTR em buscas informacionais.,Novidades Automotivas,Dicas e Curiosidades,Gestao e Operacao Automotiva,Concentrar em Novidades Automotivas para tecnologia embarcada e movimento de montadoras; usar Dicas e Curiosidades para explicacoes de uso/impacto; usar Gestao e Operacao Automotiva quando o foco for impacto operacional no negocio automotivo.
57,Maio,Aftermarket,"Diagnóstico remoto, peça certa na hora certa: como a gestão de estoque do aftermarket está virando tech",Processo operacional transformado por tech. Atrai distribuidores e gestores.,Autopecas e Acessorios,Oficinas e Centros Automotivos,Gestao e Operacao Automotiva,"Melhor encaixe estrutural no MV. Direcionar para Autopecas e Acessorios quando a pauta orbitar componentes e distribuicao; para Oficinas e Centros Automotivos quando envolver servico, diagnostico ou adaptacao tecnica; para Gestao e Operacao quando o foco for estrategia do setor."
58,Maio,Aftermarket,O mercado de acessórios para elétricos está nascendo — e quem chegar primeiro vai definir as regras,Oportunidade de mercado nascente. Aciona empreendedores e distribuidores.,Autopecas e Acessorios,Oficinas e Centros Automotivos,Gestao e Operacao Automotiva,"Melhor encaixe estrutural no MV. Direcionar para Autopecas e Acessorios quando a pauta orbitar componentes e distribuicao; para Oficinas e Centros Automotivos quando envolver servico, diagnostico ou adaptacao tecnica; para Gestao e Operacao quando o foco for estrategia do setor."
59,Maio,Aftermarket,Revisão programada vs. manutenção preditiva: o confronto que vai redesenhar a receita das oficinas,Dois modelos em conflito. Quem está na oficina precisa entender essa mudança.,Autopecas e Acessorios,Oficinas e Centros Automotivos,Gestao e Operacao Automotiva,"Melhor encaixe estrutural no MV. Direcionar para Autopecas e Acessorios quando a pauta orbitar componentes e distribuicao; para Oficinas e Centros Automotivos quando envolver servico, diagnostico ou adaptacao tecnica; para Gestao e Operacao quando o foco for estrategia do setor."
60,Maio,Aftermarket,Como o técnico automotivo de 2026 precisa ser treinado — e por que as escolas técnicas ainda não perceberam,"Crítica à formação profissional. Ressoa com educadores, RH e donos de oficina.",Autopecas e Acessorios,Oficinas e Centros Automotivos,Gestao e Operacao Automotiva,"Melhor encaixe estrutural no MV. Direcionar para Autopecas e Acessorios quando a pauta orbitar componentes e distribuicao; para Oficinas e Centros Automotivos quando envolver servico, diagnostico ou adaptacao tecnica; para Gestao e Operacao quando o foco for estrategia do setor."
61,Maio,Aftermarket,Marketplace de autopeças: conveniência para o mecânico ou ameaça ao distribuidor tradicional?,Tensão de canal. Distribuidores e mecânicos leem isso com interesse imediato.,Autopecas e Acessorios,Oficinas e Centros Automotivos,Gestao e Operacao Automotiva,"Melhor encaixe estrutural no MV. Direcionar para Autopecas e Acessorios quando a pauta orbitar componentes e distribuicao; para Oficinas e Centros Automotivos quando envolver servico, diagnostico ou adaptacao tecnica; para Gestao e Operacao quando o foco for estrategia do setor."
62,Maio,Aftermarket,"A garantia estendida no carro elétrico: quem cobre, o que cobre e o que o contrato não diz claramente",O que o contrato não diz aciona o leitor protetor de si mesmo. Alto CTR de consumidor.,Autopecas e Acessorios,Oficinas e Centros Automotivos,Gestao e Operacao Automotiva,"Melhor encaixe estrutural no MV. Direcionar para Autopecas e Acessorios quando a pauta orbitar componentes e distribuicao; para Oficinas e Centros Automotivos quando envolver servico, diagnostico ou adaptacao tecnica; para Gestao e Operacao quando o foco for estrategia do setor."
63,Maio,Mobilidade,O transporte por aplicativo acelerou a eletrificação da frota urbana — mas criou um novo problema de infraestrutura,Causa e efeito inesperado. Difícil de resumir sem perder a lógica do argumento.,Dicas e Curiosidades,Novidades Automotivas,Seguro e Protecao Veicular,"Usar com criterio. Vai melhor quando houver ponte clara com decisao automotiva, comportamento do consumidor ou impacto regulatorio/mercado no Brasil."
64,Maio,Mobilidade,Cidades de 15 minutos e o papel do carro: o debate urbanístico que chegou às salas de estratégia das montadoras,Conceito urbano conectado à indústria. Ângulo original que poucos artigos exploram.,Dicas e Curiosidades,Novidades Automotivas,Seguro e Protecao Veicular,"Usar com criterio. Vai melhor quando houver ponte clara com decisao automotiva, comportamento do consumidor ou impacto regulatorio/mercado no Brasil."
65,Maio,Mobilidade,Logística urbana de última milha: por que a van elétrica pode ser o veículo mais importante dos próximos 5 anos,"Segmento subestimado com argumento forte. Atrai logística, e-commerce e frotas.",Dicas e Curiosidades,Novidades Automotivas,Seguro e Protecao Veicular,"Usar com criterio. Vai melhor quando houver ponte clara com decisao automotiva, comportamento do consumidor ou impacto regulatorio/mercado no Brasil."
66,Maio,Mobilidade,"Estacionamento inteligente, sinalização conectada e semáforo adaptativo: a cidade que o carro autônomo precisa — e que ainda não existe",Lista de infraestrutura faltante. Instiga o leitor a questionar o ritmo da mudança.,Dicas e Curiosidades,Novidades Automotivas,Seguro e Protecao Veicular,"Usar com criterio. Vai melhor quando houver ponte clara com decisao automotiva, comportamento do consumidor ou impacto regulatorio/mercado no Brasil."
67,Maio,Mobilidade,Motocicleta elétrica no Brasil: o veículo que pode chegar antes do carro elétrico na garagem do brasileiro,Tese surpreendente + âncora local. Força o clique para confirmar ou refutar.,Dicas e Curiosidades,Novidades Automotivas,Seguro e Protecao Veicular,"Usar com criterio. Vai melhor quando houver ponte clara com decisao automotiva, comportamento do consumidor ou impacto regulatorio/mercado no Brasil."
68,Maio,Negócios,As 5 decisões estratégicas que vão separar as montadoras vencedoras das que vão perder relevância até 2030,Número + prazo + stakes altos. Formato de lista com profundidade editorial.,Marketing e Vendas para Negocios,Gestao de Clientes e CRM,Gestao e Operacao Automotiva,"Categoria-fonte boa para frente B2B. Traduzir para Marketing e Vendas, CRM ou Gestao e Operacao conforme a dor principal do operador automotivo."
69,Maio,Negócios,"Joint ventures, fusões e aquisições no setor automotivo: o mapa das movimentações que estão redesenhando o mercado",Mapa das movimentações promete conteúdo exclusivo de inteligência de mercado.,Marketing e Vendas para Negocios,Gestao de Clientes e CRM,Gestao e Operacao Automotiva,"Categoria-fonte boa para frente B2B. Traduzir para Marketing e Vendas, CRM ou Gestao e Operacao conforme a dor principal do operador automotivo."
70,Maio,Negócios,O revendedor multimarca está crescendo — e isso diz muito sobre o que o consumidor acha das concessionárias tradicionais,Sinal de mercado com interpretação. Exige o artigo para entender a implicação.,Marketing e Vendas para Negocios,Gestao de Clientes e CRM,Gestao e Operacao Automotiva,"Categoria-fonte boa para frente B2B. Traduzir para Marketing e Vendas, CRM ou Gestao e Operacao conforme a dor principal do operador automotivo."
71,Maio,Negócios,Precificação de veículos em 2026: por que o mesmo carro custa tão diferente dependendo de onde você compra,Injustiça percebida pelo consumidor. Altíssimo CTR em buscas de intenção de compra.,Marketing e Vendas para Negocios,Gestao de Clientes e CRM,Gestao e Operacao Automotiva,"Categoria-fonte boa para frente B2B. Traduzir para Marketing e Vendas, CRM ou Gestao e Operacao conforme a dor principal do operador automotivo."
72,Maio,Negócios,Startup automotiva no Brasil: o que falta para o ecossistema de mobilidade nacional crescer de verdade,"Lacuna + crítica construtiva. Atrai empreendedores, investidores e gestores de inovação.",Marketing e Vendas para Negocios,Gestao de Clientes e CRM,Gestao e Operacao Automotiva,"Categoria-fonte boa para frente B2B. Traduzir para Marketing e Vendas, CRM ou Gestao e Operacao conforme a dor principal do operador automotivo."
73,Maio,Negócios,Venda direta de montadora ao consumidor: o modelo que as concessionárias temem e os clientes ainda não entenderam,Conflito de canal com dois lados de audiência. Atrai ambos ao mesmo tempo.,Marketing e Vendas para Negocios,Gestao de Clientes e CRM,Gestao e Operacao Automotiva,"Categoria-fonte boa para frente B2B. Traduzir para Marketing e Vendas, CRM ou Gestao e Operacao conforme a dor principal do operador automotivo."
74,Maio,Negócios,O mercado de usados elétricos está nascendo — e ninguém ainda sabe como precificar o que ele vale,"Incerteza de mercado real. Vendedores, compradores e financiadoras precisam dessa resposta.",Marketing e Vendas para Negocios,Gestao de Clientes e CRM,Gestao e Operacao Automotiva,"Categoria-fonte boa para frente B2B. Traduzir para Marketing e Vendas, CRM ou Gestao e Operacao conforme a dor principal do operador automotivo."
75,Maio,IA & Dados,Gêmeo digital do veículo: como a simulação virtual está encurtando o tempo de desenvolvimento de novos modelos,Conceito técnico com impacto de negócio. Diferenciado e resistente a resumo.,Gestao e Operacao Automotiva,Marketing e Vendas para Negocios,Novidades Automotivas,"Nao tratar como categoria publica propria por enquanto. Encaixar conforme o uso pratico: operacao, vendas ou novidade de mercado."
76,Maio,IA & Dados,Modelos de linguagem dentro do carro: quando o assistente de voz deixou de ser útil e virou inteligente,Comparação temporal com implicação qualitativa. Alto CTR em público tech.,Gestao e Operacao Automotiva,Marketing e Vendas para Negocios,Novidades Automotivas,"Nao tratar como categoria publica propria por enquanto. Encaixar conforme o uso pratico: operacao, vendas ou novidade de mercado."
77,Maio,IA & Dados,IA generativa no design automotivo: ferramenta de produtividade ou ameaça ao designer de produto?,"Tensão profissional real. Designers, engenheiros e gestores de produto clicam.",Gestao e Operacao Automotiva,Marketing e Vendas para Negocios,Novidades Automotivas,"Nao tratar como categoria publica propria por enquanto. Encaixar conforme o uso pratico: operacao, vendas ou novidade de mercado."
78,Maio,IA & Dados,Como as montadoras estão usando machine learning para prever falhas antes que o motorista perceba qualquer problema,"Benefício concreto ao usuário final. Baixo CTR em perguntas, alto em benefício declarado.",Gestao e Operacao Automotiva,Marketing e Vendas para Negocios,Novidades Automotivas,"Nao tratar como categoria publica propria por enquanto. Encaixar conforme o uso pratico: operacao, vendas ou novidade de mercado."
79,Maio,IA & Dados,O dado que o carro coleta sobre você — e quem realmente tem acesso a ele além da montadora,Privacidade + poder assimétrico. Provoca desconforto que gera clique imediato.,Gestao e Operacao Automotiva,Marketing e Vendas para Negocios,Novidades Automotivas,"Nao tratar como categoria publica propria por enquanto. Encaixar conforme o uso pratico: operacao, vendas ou novidade de mercado."
80,Maio,Consumidor,O que os reviews no YouTube não contam sobre o carro que você quer comprar,Crítica à fonte mais usada de pesquisa automotiva. Instaura desconfiança produtiva.,Concessionarias e Revendas,Dicas e Curiosidades,Seguro e Protecao Veicular,"Nao publicar como categoria generica. Quebrar por intencao real: compra, confianca, risco, financiamento, decisao de troca ou aprendizado."
81,Maio,Consumidor,"Test drive virtual, configurador 3D e entrega em casa: a nova jornada de compra do carro no Brasil",Três inovações concretas encadeadas. Útil e atual para qualquer comprador.,Concessionarias e Revendas,Dicas e Curiosidades,Seguro e Protecao Veicular,"Nao publicar como categoria generica. Quebrar por intencao real: compra, confianca, risco, financiamento, decisao de troca ou aprendizado."
82,Maio,Consumidor,Por que tantas pessoas arrependem da compra do carro novo — e o que a indústria faz (ou não) para mudar isso,Arrependimento de compra é experiência universal. Alto volume de busca e identificação.,Concessionarias e Revendas,Dicas e Curiosidades,Seguro e Protecao Veicular,"Nao publicar como categoria generica. Quebrar por intencao real: compra, confianca, risco, financiamento, decisao de troca ou aprendizado."
83,Maio,Regulação & ESG,"Normas de emissões Euro 7 e seus reflexos no mercado brasileiro: o que muda para montadoras, importadores e consumidores",Regulação específica com impacto em cadeia. Três públicos em um título.,"IPVA, Impostos e Documentacao",Novidades Automotivas,Gestao e Operacao Automotiva,"Usar IPVA/Documentacao quando houver regra, imposto, exigencia ou impacto burocratico; usar Novidades quando for mudanca setorial; usar Gestao e Operacao para compliance e pressao operacional sobre negocios."
84,Maio,Regulação & ESG,Crédito de carbono no setor automotivo: mecanismo de compensação real ou greenwashing com logotipo verde?,Ceticismo legítimo embutido. Atrai quem quer ir além do discurso oficial.,"IPVA, Impostos e Documentacao",Novidades Automotivas,Gestao e Operacao Automotiva,"Usar IPVA/Documentacao quando houver regra, imposto, exigencia ou impacto burocratico; usar Novidades quando for mudanca setorial; usar Gestao e Operacao para compliance e pressao operacional sobre negocios."
85,Junho,Eletrificação,Autonomia real vs. autonomia anunciada: por que os números do carro elétrico não batem com o que você vive no dia a dia,Frustração universal do comprador de elétrico. Tensão entre promessa e realidade.,Novidades Automotivas,Dicas e Curiosidades,Concessionarias e Revendas,"Usar Novidades Automotivas quando a pauta for mercado, lancamento, infraestrutura ou mudanca setorial; usar Dicas e Curiosidades quando o foco for explicacao ao leitor comum; usar Concessionarias e Revendas quando a pauta afetar compra, revenda ou adocao comercial."
86,Junho,Eletrificação,"O elétrico que funciona no frio, no calor e na estrada de chão: como o Brasil vai exigir que os EVs sejam diferentes",Contexto climático e viário brasileiro exclusivo. IA não consegue resumir sem perder o recorte.,Novidades Automotivas,Dicas e Curiosidades,Concessionarias e Revendas,"Usar Novidades Automotivas quando a pauta for mercado, lancamento, infraestrutura ou mudanca setorial; usar Dicas e Curiosidades quando o foco for explicacao ao leitor comum; usar Concessionarias e Revendas quando a pauta afetar compra, revenda ou adocao comercial."
87,Junho,Eletrificação,Consórcio de carro elétrico: vale a pena ou é uma armadilha financeira em 2026?,Pergunta de intenção de compra altíssima. Dois lados de resposta — força leitura completa.,Novidades Automotivas,Dicas e Curiosidades,Concessionarias e Revendas,"Usar Novidades Automotivas quando a pauta for mercado, lancamento, infraestrutura ou mudanca setorial; usar Dicas e Curiosidades quando o foco for explicacao ao leitor comum; usar Concessionarias e Revendas quando a pauta afetar compra, revenda ou adocao comercial."
88,Junho,Eletrificação,Por que as montadoras chinesas de elétricos estão vencendo uma batalha que as europeias ainda não perceberam que perderam,Provocação geopolítica com argumento de negócio. Difícil resumir sem tomar posição.,Novidades Automotivas,Dicas e Curiosidades,Concessionarias e Revendas,"Usar Novidades Automotivas quando a pauta for mercado, lancamento, infraestrutura ou mudanca setorial; usar Dicas e Curiosidades quando o foco for explicacao ao leitor comum; usar Concessionarias e Revendas quando a pauta afetar compra, revenda ou adocao comercial."
89,Junho,Eletrificação,Recarga bidirecional: quando o seu carro elétrico começa a pagar a conta de luz da sua casa,Benefício financeiro concreto e surpreendente. Alto CTR em público de consumo e energia.,Novidades Automotivas,Dicas e Curiosidades,Concessionarias e Revendas,"Usar Novidades Automotivas quando a pauta for mercado, lancamento, infraestrutura ou mudanca setorial; usar Dicas e Curiosidades quando o foco for explicacao ao leitor comum; usar Concessionarias e Revendas quando a pauta afetar compra, revenda ou adocao comercial."
90,Junho,Eletrificação,O plug-in híbrido que o Brasil ignorou por anos está voltando — e agora com argumento sólido de mercado,Reversão de narrativa. Leitores que descartaram o PHEV querem entender o que mudou.,Novidades Automotivas,Dicas e Curiosidades,Concessionarias e Revendas,"Usar Novidades Automotivas quando a pauta for mercado, lancamento, infraestrutura ou mudanca setorial; usar Dicas e Curiosidades quando o foco for explicacao ao leitor comum; usar Concessionarias e Revendas quando a pauta afetar compra, revenda ou adocao comercial."
91,Junho,Software & Tech,O carro que recusa comandos perigosos: como a IA embarcada está começando a tomar decisões no lugar do motorista,Autonomia da máquina sobre o humano. Gera debate ético e tecnológico imediato.,Novidades Automotivas,Dicas e Curiosidades,Gestao e Operacao Automotiva,Concentrar em Novidades Automotivas para tecnologia embarcada e movimento de montadoras; usar Dicas e Curiosidades para explicacoes de uso/impacto; usar Gestao e Operacao Automotiva quando o foco for impacto operacional no negocio automotivo.
92,Junho,Software & Tech,Arquitetura centralizada de software: a mudança silenciosa que vai encarecer a manutenção do seu próximo carro,Silenciosa aciona o instinto de alerta. Consequência oculta para o consumidor.,Novidades Automotivas,Dicas e Curiosidades,Gestao e Operacao Automotiva,Concentrar em Novidades Automotivas para tecnologia embarcada e movimento de montadoras; usar Dicas e Curiosidades para explicacoes de uso/impacto; usar Gestao e Operacao Automotiva quando o foco for impacto operacional no negocio automotivo.
93,Junho,Software & Tech,Quando o carro vira assinatura de software: o modelo que a Apple tentou e as montadoras estão copiando,Analogia com big tech + crítica implícita. Alto engajamento em público de tecnologia.,Novidades Automotivas,Dicas e Curiosidades,Gestao e Operacao Automotiva,Concentrar em Novidades Automotivas para tecnologia embarcada e movimento de montadoras; usar Dicas e Curiosidades para explicacoes de uso/impacto; usar Gestao e Operacao Automotiva quando o foco for impacto operacional no negocio automotivo.
94,Junho,Software & Tech,5G no veículo: velocidade de conexão não é o ponto — o que realmente muda é a latência nas decisões em tempo real,Correção de percepção popular. Posiciona o artigo como fonte técnica confiável.,Novidades Automotivas,Dicas e Curiosidades,Gestao e Operacao Automotiva,Concentrar em Novidades Automotivas para tecnologia embarcada e movimento de montadoras; usar Dicas e Curiosidades para explicacoes de uso/impacto; usar Gestao e Operacao Automotiva quando o foco for impacto operacional no negocio automotivo.
95,Junho,Software & Tech,O mapa que o carro aprende sozinho: como o HD mapping está tornando a navegação automotiva mais precisa que o GPS convencional,Tecnologia emergente com comparação familiar. Público amplo com alta intenção de entender.,Novidades Automotivas,Dicas e Curiosidades,Gestao e Operacao Automotiva,Concentrar em Novidades Automotivas para tecnologia embarcada e movimento de montadoras; usar Dicas e Curiosidades para explicacoes de uso/impacto; usar Gestao e Operacao Automotiva quando o foco for impacto operacional no negocio automotivo.
96,Junho,Software & Tech,"Interface humano-máquina no carro: menos botões, mais telas — e o motorista que ainda não se adaptou",Conflito geracional e de usabilidade. Ressoa com motoristas de todas as idades.,Novidades Automotivas,Dicas e Curiosidades,Gestao e Operacao Automotiva,Concentrar em Novidades Automotivas para tecnologia embarcada e movimento de montadoras; usar Dicas e Curiosidades para explicacoes de uso/impacto; usar Gestao e Operacao Automotiva quando o foco for impacto operacional no negocio automotivo.
97,Junho,Aftermarket,O laudo veicular na era do carro conectado: como os dados de bordo estão mudando a perícia automotiva,"Nicho específico com transformação real. Peritos, seguradoras e oficinas leem com atenção.",Autopecas e Acessorios,Oficinas e Centros Automotivos,Gestao e Operacao Automotiva,"Melhor encaixe estrutural no MV. Direcionar para Autopecas e Acessorios quando a pauta orbitar componentes e distribuicao; para Oficinas e Centros Automotivos quando envolver servico, diagnostico ou adaptacao tecnica; para Gestao e Operacao quando o foco for estrategia do setor."
98,Junho,Aftermarket,Recondicionamento de baterias: o negócio que ainda não tem nome no Brasil mas já tem fila de demanda,Oportunidade sem nomenclatura consolidada. Empreendedores e distribuidores clicam para entender.,Autopecas e Acessorios,Oficinas e Centros Automotivos,Gestao e Operacao Automotiva,"Melhor encaixe estrutural no MV. Direcionar para Autopecas e Acessorios quando a pauta orbitar componentes e distribuicao; para Oficinas e Centros Automotivos quando envolver servico, diagnostico ou adaptacao tecnica; para Gestao e Operacao quando o foco for estrategia do setor."
99,Junho,Aftermarket,A oficina que não aceita carro conectado vai perder cliente para quem aceita — e a transição está acontecendo agora,Urgência + consequência direta. Alerta prático para donos de oficina.,Autopecas e Acessorios,Oficinas e Centros Automotivos,Gestao e Operacao Automotiva,"Melhor encaixe estrutural no MV. Direcionar para Autopecas e Acessorios quando a pauta orbitar componentes e distribuicao; para Oficinas e Centros Automotivos quando envolver servico, diagnostico ou adaptacao tecnica; para Gestao e Operacao quando o foco for estrategia do setor."
100,Junho,Aftermarket,Retrofit elétrico no Brasil: transformar um carro a combustão em elétrico virou negócio ou ainda é projeto de entusiasta?,"Pergunta de mercado real. Público de entusiastas, empreendedores e mecânicos especializados.",Autopecas e Acessorios,Oficinas e Centros Automotivos,Gestao e Operacao Automotiva,"Melhor encaixe estrutural no MV. Direcionar para Autopecas e Acessorios quando a pauta orbitar componentes e distribuicao; para Oficinas e Centros Automotivos quando envolver servico, diagnostico ou adaptacao tecnica; para Gestao e Operacao quando o foco for estrategia do setor."
101,Junho,Aftermarket,O seguro do carro elétrico ainda não foi inventado — e as seguradoras estão correndo atrás de um produto que não existe direito,"Lacuna de mercado exposta. Seguradoras, corretores e compradores de EVs precisam desse conteúdo.",Autopecas e Acessorios,Oficinas e Centros Automotivos,Gestao e Operacao Automotiva,"Melhor encaixe estrutural no MV. Direcionar para Autopecas e Acessorios quando a pauta orbitar componentes e distribuicao; para Oficinas e Centros Automotivos quando envolver servico, diagnostico ou adaptacao tecnica; para Gestao e Operacao quando o foco for estrategia do setor."
102,Junho,Aftermarket,"Peça genuína, original ou remanufaturada: o glossário que toda oficina deveria ter na parede — e o cliente deveria entender antes de aprovar o orçamento",Educação do consumidor + utilidade prática. Compartilhável e resistente a resumo genérico.,Autopecas e Acessorios,Oficinas e Centros Automotivos,Gestao e Operacao Automotiva,"Melhor encaixe estrutural no MV. Direcionar para Autopecas e Acessorios quando a pauta orbitar componentes e distribuicao; para Oficinas e Centros Automotivos quando envolver servico, diagnostico ou adaptacao tecnica; para Gestao e Operacao quando o foco for estrategia do setor."
103,Junho,Mobilidade,O ônibus elétrico que chegou antes do carro elétrico nas cidades brasileiras — e o que isso diz sobre as prioridades de mobilidade,Inversão de expectativa com implicação política. Ângulo original e difícil de resumir.,Dicas e Curiosidades,Novidades Automotivas,Seguro e Protecao Veicular,"Usar com criterio. Vai melhor quando houver ponte clara com decisao automotiva, comportamento do consumidor ou impacto regulatorio/mercado no Brasil."
104,Junho,Mobilidade,Mobilidade como serviço no interior do Brasil — por que o MaaS ainda não saiu das capitais e o que falta para isso mudar,Recorte geográfico específico. Público de cidades médias e gestores públicos.,Dicas e Curiosidades,Novidades Automotivas,Seguro e Protecao Veicular,"Usar com criterio. Vai melhor quando houver ponte clara com decisao automotiva, comportamento do consumidor ou impacto regulatorio/mercado no Brasil."
105,Junho,Mobilidade,"Patinete, bike e carro compartilhado: o que os dados de uso real dizem sobre qual modal o brasileiro realmente adotou",Dados de uso real contra o discurso de tendência. Ceticismo produtivo que gera clique.,Dicas e Curiosidades,Novidades Automotivas,Seguro e Protecao Veicular,"Usar com criterio. Vai melhor quando houver ponte clara com decisao automotiva, comportamento do consumidor ou impacto regulatorio/mercado no Brasil."
106,Junho,Mobilidade,A regulação do carro autônomo no Brasil: quem está escrevendo as regras e quem está de fora dessa conversa,"Poder e exclusão. Atrai advogados, gestores públicos e executivos do setor.",Dicas e Curiosidades,Novidades Automotivas,Seguro e Protecao Veicular,"Usar com criterio. Vai melhor quando houver ponte clara com decisao automotiva, comportamento do consumidor ou impacto regulatorio/mercado no Brasil."
107,Junho,Mobilidade,"Aeromóvel, VLT e monotrilho: por que o Brasil continua construindo mobilidade cara e deixando o elétrico de lado",Crítica à política pública de transporte. Alto engajamento em público urbano e acadêmico.,Dicas e Curiosidades,Novidades Automotivas,Seguro e Protecao Veicular,"Usar com criterio. Vai melhor quando houver ponte clara com decisao automotiva, comportamento do consumidor ou impacto regulatorio/mercado no Brasil."
108,Junho,Mobilidade,Frota de táxis elétricos: o modelo que funcionou em Shenzhen e o que o Brasil precisa adaptar para fazer o mesmo,Caso internacional + desafio local. Benchmarking editorial que exige leitura completa.,Dicas e Curiosidades,Novidades Automotivas,Seguro e Protecao Veicular,"Usar com criterio. Vai melhor quando houver ponte clara com decisao automotiva, comportamento do consumidor ou impacto regulatorio/mercado no Brasil."
109,Junho,Negócios,"O fim do modelo de receita das montadoras como conhecemos: hardware, software e serviços — quem vai lucrar com o quê daqui pra frente",Ruptura de modelo de negócio com três variáveis. Impossível resumir sem distorcer.,Marketing e Vendas para Negocios,Gestao de Clientes e CRM,Gestao e Operacao Automotiva,"Categoria-fonte boa para frente B2B. Traduzir para Marketing e Vendas, CRM ou Gestao e Operacao conforme a dor principal do operador automotivo."
110,Junho,Negócios,"Quanto vale uma montadora que não vende mais carro — e sim mobilidade, dados e experiência?","Pergunta de valuation com reframe radical. Atrai investidores, analistas e executivos.",Marketing e Vendas para Negocios,Gestao de Clientes e CRM,Gestao e Operacao Automotiva,"Categoria-fonte boa para frente B2B. Traduzir para Marketing e Vendas, CRM ou Gestao e Operacao conforme a dor principal do operador automotivo."
111,Junho,Negócios,O distribuidor de veículos pesados diante da eletrificação: oportunidade silenciosa que poucos estão vendo,Silenciosa + poucos estão vendo criam senso de acesso exclusivo. Nicho de alto valor.,Marketing e Vendas para Negocios,Gestao de Clientes e CRM,Gestao e Operacao Automotiva,"Categoria-fonte boa para frente B2B. Traduzir para Marketing e Vendas, CRM ou Gestao e Operacao conforme a dor principal do operador automotivo."
112,Junho,Negócios,Marca própria de bateria: por que as montadoras que apostaram nisso estão em vantagem — e as que terceirizaram estão preocupadas,Decisão estratégica com vencedores e perdedores identificáveis. Narrativa de negócio completa.,Marketing e Vendas para Negocios,Gestao de Clientes e CRM,Gestao e Operacao Automotiva,"Categoria-fonte boa para frente B2B. Traduzir para Marketing e Vendas, CRM ou Gestao e Operacao conforme a dor principal do operador automotivo."
113,Junho,Negócios,A guerra dos chips automotivos ainda não acabou — e a próxima escassez já está sendo gestada agora,Continuidade de crise conhecida com ameaça futura. Urgência editorial legítima.,Marketing e Vendas para Negocios,Gestao de Clientes e CRM,Gestao e Operacao Automotiva,"Categoria-fonte boa para frente B2B. Traduzir para Marketing e Vendas, CRM ou Gestao e Operacao conforme a dor principal do operador automotivo."
114,Junho,Negócios,Dealer digital: a concessionária que existe só no app — utopia de startup ou modelo de negócio com futuro real?,Tensão entre inovação e viabilidade. Dois públicos em conflito lendo o mesmo artigo.,Marketing e Vendas para Negocios,Gestao de Clientes e CRM,Gestao e Operacao Automotiva,"Categoria-fonte boa para frente B2B. Traduzir para Marketing e Vendas, CRM ou Gestao e Operacao conforme a dor principal do operador automotivo."
115,Junho,IA & Dados,Como a IA está sendo usada para detectar fraudes no mercado de seminovos — e por que os vendedores desonestos já estão se adaptando,Corrida armamentista digital. Narrativa de conflito que prende o leitor do início ao fim.,Gestao e Operacao Automotiva,Marketing e Vendas para Negocios,Novidades Automotivas,"Nao tratar como categoria publica propria por enquanto. Encaixar conforme o uso pratico: operacao, vendas ou novidade de mercado."
116,Junho,IA & Dados,Recomendação de veículo por IA: quando o algoritmo conhece seu perfil de compra melhor do que o vendedor,Substituição de função humana com nuance. Alto CTR em público de tecnologia e vendas.,Gestao e Operacao Automotiva,Marketing e Vendas para Negocios,Novidades Automotivas,"Nao tratar como categoria publica propria por enquanto. Encaixar conforme o uso pratico: operacao, vendas ou novidade de mercado."
117,Junho,IA & Dados,O modelo preditivo que avisa a montadora antes do recall: como a análise de dados está antecipando falhas de produto em escala,Benefício sistêmico com impacto no consumidor final. Difícil resumir sem o argumento completo.,Gestao e Operacao Automotiva,Marketing e Vendas para Negocios,Novidades Automotivas,"Nao tratar como categoria publica propria por enquanto. Encaixar conforme o uso pratico: operacao, vendas ou novidade de mercado."
118,Junho,IA & Dados,LLM no atendimento da concessionária: o chatbot que finalmente entende o que o cliente quer — e os limites que ele ainda não superou,Equilíbrio entre capacidade e limitação. Evita hype e ceticismo — postura editorial madura.,Gestao e Operacao Automotiva,Marketing e Vendas para Negocios,Novidades Automotivas,"Nao tratar como categoria publica propria por enquanto. Encaixar conforme o uso pratico: operacao, vendas ou novidade de mercado."
119,Junho,IA & Dados,Visão computacional nas linhas de montagem: como as câmeras estão substituindo inspeções humanas e o que se perde nessa troca,Ganho + perda em um título. Não é panfletário — gera debate real.,Gestao e Operacao Automotiva,Marketing e Vendas para Negocios,Novidades Automotivas,"Nao tratar como categoria publica propria por enquanto. Encaixar conforme o uso pratico: operacao, vendas ou novidade de mercado."
120,Junho,Consumidor,"O que ninguém te conta na hora de comprar um carro elétrico usado: bateria, histórico e as perguntas que você precisa fazer",Guia prático com senso de alerta. Altíssimo CTR em público de intenção de compra.,Concessionarias e Revendas,Dicas e Curiosidades,Seguro e Protecao Veicular,"Nao publicar como categoria generica. Quebrar por intencao real: compra, confianca, risco, financiamento, decisao de troca ou aprendizado."
121,Junho,Consumidor,Carro novo a cada 2 anos: o ciclo de troca que virou padrão — e o que ele diz sobre como o brasileiro vê o veículo hoje,Comportamento de consumo com implicação cultural. Identificação imediata.,Concessionarias e Revendas,Dicas e Curiosidades,Seguro e Protecao Veicular,"Nao publicar como categoria generica. Quebrar por intencao real: compra, confianca, risco, financiamento, decisao de troca ou aprendizado."
122,Junho,Consumidor,Personalização do veículo em 2026: do acessório físico ao perfil digital — como o carro está virando extensão da identidade do dono,Identidade + tecnologia. Ressoa com consumidores jovens e premium ao mesmo tempo.,Concessionarias e Revendas,Dicas e Curiosidades,Seguro e Protecao Veicular,"Nao publicar como categoria generica. Quebrar por intencao real: compra, confianca, risco, financiamento, decisao de troca ou aprendizado."
123,Junho,Regulação & ESG,Inventário de carbono na cadeia automotiva: o relatório que vai se tornar obrigatório — e que a maioria das empresas ainda não sabe fazer,"Obrigação futura + lacuna atual. Urgência para compliance, ESG e financeiro.","IPVA, Impostos e Documentacao",Novidades Automotivas,Gestao e Operacao Automotiva,"Usar IPVA/Documentacao quando houver regra, imposto, exigencia ou impacto burocratico; usar Novidades quando for mudanca setorial; usar Gestao e Operacao para compliance e pressao operacional sobre negocios."
124,Junho,Regulação & ESG,Recall silencioso via OTA: quando a montadora corrige o carro sem avisar o dono — e o que a regulação brasileira ainda não diz sobre isso,Assimetria de informação + vácuo regulatório. Provoca o leitor a questionar o que não sabia.,"IPVA, Impostos e Documentacao",Novidades Automotivas,Gestao e Operacao Automotiva,"Usar IPVA/Documentacao quando houver regra, imposto, exigencia ou impacto burocratico; usar Novidades quando for mudanca setorial; usar Gestao e Operacao para compliance e pressao operacional sobre negocios."
