numero,mes,categoria_csv,titulo,estrategia_ctr,mv_categoria_primaria,mv_categoria_secundaria,mv_categoria_terciaria,observacao_mapeamento,triagem_status,triagem_observacao
01,Abril,Eletrificação,O carro elétrico que o Brasil ainda não comprou — e o que vai mudar isso em 2025,Tensão + curiosidade + promessa de resposta. Evita perguntas diretas que o Gemini resume.,Novidades Automotivas,Dicas e Curiosidades,Concessionarias e Revendas,"Usar Novidades Automotivas quando a pauta for mercado, lancamento, infraestrutura ou mudanca setorial; usar Dicas e Curiosidades quando o foco for explicacao ao leitor comum; usar Concessionarias e Revendas quando a pauta afetar compra, revenda ou adocao comercial.",entra-ja,"Título com recorte brasileiro, dor prática, consumo, mercado ou impacto comercial mais encaixável no ecossistema MV."
02,Abril,Eletrificação,Híbridos flex: por que essa tecnologia pode ser a transição mais inteligente para o mercado brasileiro,Argumento controverso + contexto local. Difícil de resumir sem perder o raciocínio.,Novidades Automotivas,Dicas e Curiosidades,Concessionarias e Revendas,"Usar Novidades Automotivas quando a pauta for mercado, lancamento, infraestrutura ou mudanca setorial; usar Dicas e Curiosidades quando o foco for explicacao ao leitor comum; usar Concessionarias e Revendas quando a pauta afetar compra, revenda ou adocao comercial.",entra-ja,"Título com recorte brasileiro, dor prática, consumo, mercado ou impacto comercial mais encaixável no ecossistema MV."
03,Abril,Eletrificação,Recarga em 15 minutos muda tudo — menos para quem ainda não tem onde recarregar,Afirmação + contraponto embutido. Gera curiosidade sem ser clickbait óbvio.,Novidades Automotivas,Dicas e Curiosidades,Concessionarias e Revendas,"Usar Novidades Automotivas quando a pauta for mercado, lancamento, infraestrutura ou mudanca setorial; usar Dicas e Curiosidades quando o foco for explicacao ao leitor comum; usar Concessionarias e Revendas quando a pauta afetar compra, revenda ou adocao comercial.",entra-ja,"Título com recorte brasileiro, dor prática, consumo, mercado ou impacto comercial mais encaixável no ecossistema MV."
04,Abril,Eletrificação,Bateria sólida em 2026: o que isso significa de verdade para quem compra carro no Brasil,De verdade posiciona o artigo como tradutor de tendência — resistente ao resumo genérico.,Novidades Automotivas,Dicas e Curiosidades,Concessionarias e Revendas,"Usar Novidades Automotivas quando a pauta for mercado, lancamento, infraestrutura ou mudanca setorial; usar Dicas e Curiosidades quando o foco for explicacao ao leitor comum; usar Concessionarias e Revendas quando a pauta afetar compra, revenda ou adocao comercial.",entra-ja,"Título com recorte brasileiro, dor prática, consumo, mercado ou impacto comercial mais encaixável no ecossistema MV."
05,Abril,Software & Tech,O carro que atualiza como o celular — e por que isso vai redefinir o valor de revenda,Analogia familiar + consequência financeira concreta. Alta intenção de leitura.,Novidades Automotivas,Dicas e Curiosidades,Gestao e Operacao Automotiva,Concentrar em Novidades Automotivas para tecnologia embarcada e movimento de montadoras; usar Dicas e Curiosidades para explicacoes de uso/impacto; usar Gestao e Operacao Automotiva quando o foco for impacto operacional no negocio automotivo.,entra-ja,"Título com recorte brasileiro, dor prática, consumo, mercado ou impacto comercial mais encaixável no ecossistema MV."
07,Abril,Software & Tech,ADAS no Brasil: o que os sistemas de assistência à condução ainda não conseguem fazer nas nossas estradas,Contexto local específico. O Gemini não tem esse ângulo — precisa do artigo completo.,Novidades Automotivas,Dicas e Curiosidades,Gestao e Operacao Automotiva,Concentrar em Novidades Automotivas para tecnologia embarcada e movimento de montadoras; usar Dicas e Curiosidades para explicacoes de uso/impacto; usar Gestao e Operacao Automotiva quando o foco for impacto operacional no negocio automotivo.,entra-ja,"Título com recorte brasileiro, dor prática, consumo, mercado ou impacto comercial mais encaixável no ecossistema MV."
09,Abril,Aftermarket,O aftermarket que sobrevive à eletrificação — e o que precisa mudar agora para não ficar para trás,Urgência + sobrevivência. Apela para quem está no setor e sente a pressão.,Autopecas e Acessorios,Oficinas e Centros Automotivos,Gestao e Operacao Automotiva,"Melhor encaixe estrutural no MV. Direcionar para Autopecas e Acessorios quando a pauta orbitar componentes e distribuicao; para Oficinas e Centros Automotivos quando envolver servico, diagnostico ou adaptacao tecnica; para Gestao e Operacao quando o foco for estrategia do setor.",entra-ja,"Tema com ponte mais direta para utilidade editorial, busca qualificada ou valor comercial do Mercado Veiculos."
10,Abril,Aftermarket,"Diagnóstico por IA, peças sob demanda e assinatura de manutenção: o novo negócio do aftermarket automotivo",Três ideias concretas em série. Difícil de resumir sem perder o conjunto.,Autopecas e Acessorios,Oficinas e Centros Automotivos,Gestao e Operacao Automotiva,"Melhor encaixe estrutural no MV. Direcionar para Autopecas e Acessorios quando a pauta orbitar componentes e distribuicao; para Oficinas e Centros Automotivos quando envolver servico, diagnostico ou adaptacao tecnica; para Gestao e Operacao quando o foco for estrategia do setor.",entra-ja,"Tema com ponte mais direta para utilidade editorial, busca qualificada ou valor comercial do Mercado Veiculos."
11,Abril,Aftermarket,A oficina mecânica tradicional tem futuro? O que os dados de 2025 dizem sobre a sobrevivência do setor,Pergunta que o leitor do setor quer responder. Âncora temporal aumenta credibilidade.,Autopecas e Acessorios,Oficinas e Centros Automotivos,Gestao e Operacao Automotiva,"Melhor encaixe estrutural no MV. Direcionar para Autopecas e Acessorios quando a pauta orbitar componentes e distribuicao; para Oficinas e Centros Automotivos quando envolver servico, diagnostico ou adaptacao tecnica; para Gestao e Operacao quando o foco for estrategia do setor.",entra-ja,"Tema com ponte mais direta para utilidade editorial, busca qualificada ou valor comercial do Mercado Veiculos."
13,Abril,Mobilidade,"Carro por assinatura, por aplicativo ou para sempre? Como o brasileiro vai se relacionar com o veículo nos próximos anos",Múltiplas opções geram identificação. Longo prazo aumenta relevância editorial.,Dicas e Curiosidades,Novidades Automotivas,Seguro e Protecao Veicular,"Usar com criterio. Vai melhor quando houver ponte clara com decisao automotiva, comportamento do consumidor ou impacto regulatorio/mercado no Brasil.",entra-ja,"Título com recorte brasileiro, dor prática, consumo, mercado ou impacto comercial mais encaixável no ecossistema MV."
16,Abril,Negócios,"Cadeia de suprimentos automotiva pós-crise: o que mudou, o que não voltou e o que ninguém está contando",O que ninguém está contando posiciona como insider. Alta percepção de exclusividade.,Marketing e Vendas para Negocios,Gestao de Clientes e CRM,Gestao e Operacao Automotiva,"Categoria-fonte boa para frente B2B. Traduzir para Marketing e Vendas, CRM ou Gestao e Operacao conforme a dor principal do operador automotivo.",entra-ja,"Tema com ponte mais direta para utilidade editorial, busca qualificada ou valor comercial do Mercado Veiculos."
17,Abril,Negócios,Regulamentação de emissões em 2026: o calendário que vai forçar decisões que o setor ainda quer adiar,Conflito real do setor. Gera leitura por pressão e interesse estratégico.,Marketing e Vendas para Negocios,Gestao de Clientes e CRM,Gestao e Operacao Automotiva,"Categoria-fonte boa para frente B2B. Traduzir para Marketing e Vendas, CRM ou Gestao e Operacao conforme a dor principal do operador automotivo.",entra-ja,"Tema com ponte mais direta para utilidade editorial, busca qualificada ou valor comercial do Mercado Veiculos."
18,Abril,Negócios,Sustentabilidade no setor automotivo: além do ESG — o que realmente move agulha nos resultados,Além do ESG é uma inversão que atrai leitores céticos do tema. Alta taxa de clique B2B.,Marketing e Vendas para Negocios,Gestao de Clientes e CRM,Gestao e Operacao Automotiva,"Categoria-fonte boa para frente B2B. Traduzir para Marketing e Vendas, CRM ou Gestao e Operacao conforme a dor principal do operador automotivo.",entra-ja,"Tema com ponte mais direta para utilidade editorial, busca qualificada ou valor comercial do Mercado Veiculos."
19,Abril,IA & Dados,"IA no carro, IA na fábrica, IA na concessionária — onde ela realmente está gerando resultado agora",Tripla repetição de IA + âncora de resultado concreto. Evita ser vago.,Gestao e Operacao Automotiva,Marketing e Vendas para Negocios,Novidades Automotivas,"Nao tratar como categoria publica propria por enquanto. Encaixar conforme o uso pratico: operacao, vendas ou novidade de mercado.",entra-ja,"Título com recorte brasileiro, dor prática, consumo, mercado ou impacto comercial mais encaixável no ecossistema MV."
20,Abril,IA & Dados,"O consumidor automotivo de 2026 deixou de comprar carro — e passou a comprar dados, experiência e conveniência",Reframe provocador do comportamento de compra. Difícil resumir sem distorcer.,Gestao e Operacao Automotiva,Marketing e Vendas para Negocios,Novidades Automotivas,"Nao tratar como categoria publica propria por enquanto. Encaixar conforme o uso pratico: operacao, vendas ou novidade de mercado.",entra-ja,"Título com recorte brasileiro, dor prática, consumo, mercado ou impacto comercial mais encaixável no ecossistema MV."
21,Abril,Consumidor,"O comprador de carro de 2026 pesquisa mais, visita menos a concessionária — e espera muito mais do vendedor",Tensão entre comportamento digital e experiência física. Ressoa com o setor de vendas.,Concessionarias e Revendas,Dicas e Curiosidades,Seguro e Protecao Veicular,"Nao publicar como categoria generica. Quebrar por intencao real: compra, confianca, risco, financiamento, decisao de troca ou aprendizado.",entra-ja,"Tema com ponte mais direta para utilidade editorial, busca qualificada ou valor comercial do Mercado Veiculos."
22,Abril,Consumidor,Geração Z não quer possuir carro — mas vai mudar de ideia. Entenda por quê,Contradição embutida força o clique. Difícil resumir sem contar o argumento.,Concessionarias e Revendas,Dicas e Curiosidades,Seguro e Protecao Veicular,"Nao publicar como categoria generica. Quebrar por intencao real: compra, confianca, risco, financiamento, decisao de troca ou aprendizado.",entra-ja,"Tema com ponte mais direta para utilidade editorial, busca qualificada ou valor comercial do Mercado Veiculos."
23,Abril,Consumidor,Por que o brasileiro ainda desconfia do carro elétrico — e o que a indústria precisa fazer para mudar isso,Âncora cultural local + responsabilidade da indústria. Gemini não tem esse recorte.,Concessionarias e Revendas,Dicas e Curiosidades,Seguro e Protecao Veicular,"Nao publicar como categoria generica. Quebrar por intencao real: compra, confianca, risco, financiamento, decisao de troca ou aprendizado.",entra-ja,"Tema com ponte mais direta para utilidade editorial, busca qualificada ou valor comercial do Mercado Veiculos."
24,Abril,Consumidor,"Financiamento, assinatura ou leasing? O modelo que mais cresce no Brasil não é o que você imagina",Três opções + inversão de expectativa. Alta intenção de descoberta.,Concessionarias e Revendas,Dicas e Curiosidades,Seguro e Protecao Veicular,"Nao publicar como categoria generica. Quebrar por intencao real: compra, confianca, risco, financiamento, decisao de troca ou aprendizado.",entra-ja,"Tema com ponte mais direta para utilidade editorial, busca qualificada ou valor comercial do Mercado Veiculos."
25,Abril,Eletrificação,Infraestrutura de recarga no Brasil: o gargalo que nenhum incentivo fiscal vai resolver sozinho,Crítica estrutural com nuance política. Exige o artigo completo para fazer sentido.,Novidades Automotivas,Dicas e Curiosidades,Concessionarias e Revendas,"Usar Novidades Automotivas quando a pauta for mercado, lancamento, infraestrutura ou mudanca setorial; usar Dicas e Curiosidades quando o foco for explicacao ao leitor comum; usar Concessionarias e Revendas quando a pauta afetar compra, revenda ou adocao comercial.",entra-ja,"Título com recorte brasileiro, dor prática, consumo, mercado ou impacto comercial mais encaixável no ecossistema MV."
26,Abril,Eletrificação,O imposto que encarece o elétrico importado e o incentivo que não chegou ao consumidor final,"Tensão fiscal concreta. Atrai leitores de negócios, política e consumo.",Novidades Automotivas,Dicas e Curiosidades,Concessionarias e Revendas,"Usar Novidades Automotivas quando a pauta for mercado, lancamento, infraestrutura ou mudanca setorial; usar Dicas e Curiosidades quando o foco for explicacao ao leitor comum; usar Concessionarias e Revendas quando a pauta afetar compra, revenda ou adocao comercial.",entra-ja,"Título com recorte brasileiro, dor prática, consumo, mercado ou impacto comercial mais encaixável no ecossistema MV."
27,Abril,Eletrificação,Montadoras estrangeiras estão apostando no Brasil elétrico — as nacionais ainda estão no aguardo,Conflito entre players nacionais e estrangeiros. Gera debate e engajamento.,Novidades Automotivas,Dicas e Curiosidades,Concessionarias e Revendas,"Usar Novidades Automotivas quando a pauta for mercado, lancamento, infraestrutura ou mudanca setorial; usar Dicas e Curiosidades quando o foco for explicacao ao leitor comum; usar Concessionarias e Revendas quando a pauta afetar compra, revenda ou adocao comercial.",entra-ja,"Título com recorte brasileiro, dor prática, consumo, mercado ou impacto comercial mais encaixável no ecossistema MV."
31,Abril,Aftermarket,Peças originais vs. paralelas em 2026: a batalha que a digitalização está redesenhando,Conflito clássico + novo contexto. Ressoa com quem já conhece o setor.,Autopecas e Acessorios,Oficinas e Centros Automotivos,Gestao e Operacao Automotiva,"Melhor encaixe estrutural no MV. Direcionar para Autopecas e Acessorios quando a pauta orbitar componentes e distribuicao; para Oficinas e Centros Automotivos quando envolver servico, diagnostico ou adaptacao tecnica; para Gestao e Operacao quando o foco for estrategia do setor.",entra-ja,"Tema com ponte mais direta para utilidade editorial, busca qualificada ou valor comercial do Mercado Veiculos."
32,Abril,Aftermarket,Como os distribuidores de autopeças estão usando dados para não perder espaço para o e-commerce,Verbo ativo + ameaça real. Apelo direto para profissionais do aftermarket.,Autopecas e Acessorios,Oficinas e Centros Automotivos,Gestao e Operacao Automotiva,"Melhor encaixe estrutural no MV. Direcionar para Autopecas e Acessorios quando a pauta orbitar componentes e distribuicao; para Oficinas e Centros Automotivos quando envolver servico, diagnostico ou adaptacao tecnica; para Gestao e Operacao quando o foco for estrategia do setor.",entra-ja,"Tema com ponte mais direta para utilidade editorial, busca qualificada ou valor comercial do Mercado Veiculos."
33,Abril,Aftermarket,O carro elétrico quebra diferente — e o técnico que não se atualizar vai ficar sem cliente,Alerta direto ao profissional. Urgência + consequência pessoal. Alto CTR no nicho.,Autopecas e Acessorios,Oficinas e Centros Automotivos,Gestao e Operacao Automotiva,"Melhor encaixe estrutural no MV. Direcionar para Autopecas e Acessorios quando a pauta orbitar componentes e distribuicao; para Oficinas e Centros Automotivos quando envolver servico, diagnostico ou adaptacao tecnica; para Gestao e Operacao quando o foco for estrategia do setor.",entra-ja,"Tema com ponte mais direta para utilidade editorial, busca qualificada ou valor comercial do Mercado Veiculos."
36,Abril,Negócios,A concessionária que não se reinventar até 2027 vai enfrentar um problema que não tem solução simples,Prazo concreto + ameaça sem resposta fácil. Gera ansiedade produtiva e clique.,Marketing e Vendas para Negocios,Gestao de Clientes e CRM,Gestao e Operacao Automotiva,"Categoria-fonte boa para frente B2B. Traduzir para Marketing e Vendas, CRM ou Gestao e Operacao conforme a dor principal do operador automotivo.",entra-ja,"Tema com ponte mais direta para utilidade editorial, busca qualificada ou valor comercial do Mercado Veiculos."
37,Abril,Negócios,Novos modelos de negócio no setor automotivo: o que os incumbentes ainda não entenderam sobre plataformas,Ainda não entenderam posiciona o artigo acima do leitor — instiga quem quer saber mais.,Marketing e Vendas para Negocios,Gestao de Clientes e CRM,Gestao e Operacao Automotiva,"Categoria-fonte boa para frente B2B. Traduzir para Marketing e Vendas, CRM ou Gestao e Operacao conforme a dor principal do operador automotivo.",entra-ja,"Tema com ponte mais direta para utilidade editorial, busca qualificada ou valor comercial do Mercado Veiculos."
38,Abril,Negócios,Descarbonização da cadeia automotiva: quem vai pagar essa conta — e como repassar sem perder competitividade,Pergunta financeira concreta dentro de pauta ESG. Atrai gestores e CFOs.,Marketing e Vendas para Negocios,Gestao de Clientes e CRM,Gestao e Operacao Automotiva,"Categoria-fonte boa para frente B2B. Traduzir para Marketing e Vendas, CRM ou Gestao e Operacao conforme a dor principal do operador automotivo.",entra-ja,"Tema com ponte mais direta para utilidade editorial, busca qualificada ou valor comercial do Mercado Veiculos."
41,Maio,Consumidor,"O comprador de carro de 2026 pesquisa mais, visita menos a concessionária — e espera muito mais do vendedor",Tensão entre comportamento digital e experiência física. Ressoa com o setor de vendas.,Concessionarias e Revendas,Dicas e Curiosidades,Seguro e Protecao Veicular,"Nao publicar como categoria generica. Quebrar por intencao real: compra, confianca, risco, financiamento, decisao de troca ou aprendizado.",entra-ja,"Tema com ponte mais direta para utilidade editorial, busca qualificada ou valor comercial do Mercado Veiculos."
42,Maio,Consumidor,Geração Z não quer possuir carro — mas vai mudar de ideia. Entenda por quê,Contradição embutida força o clique. Difícil resumir sem contar o argumento.,Concessionarias e Revendas,Dicas e Curiosidades,Seguro e Protecao Veicular,"Nao publicar como categoria generica. Quebrar por intencao real: compra, confianca, risco, financiamento, decisao de troca ou aprendizado.",entra-ja,"Tema com ponte mais direta para utilidade editorial, busca qualificada ou valor comercial do Mercado Veiculos."
43,Maio,Consumidor,Por que o brasileiro ainda desconfia do carro elétrico — e o que a indústria precisa fazer para mudar isso,Âncora cultural local + responsabilidade da indústria. Gemini não tem esse recorte.,Concessionarias e Revendas,Dicas e Curiosidades,Seguro e Protecao Veicular,"Nao publicar como categoria generica. Quebrar por intencao real: compra, confianca, risco, financiamento, decisao de troca ou aprendizado.",entra-ja,"Tema com ponte mais direta para utilidade editorial, busca qualificada ou valor comercial do Mercado Veiculos."
44,Maio,Consumidor,"Financiamento, assinatura ou leasing? O modelo que mais cresce no Brasil não é o que você imagina",Três opções + inversão de expectativa. Alta intenção de descoberta.,Concessionarias e Revendas,Dicas e Curiosidades,Seguro e Protecao Veicular,"Nao publicar como categoria generica. Quebrar por intencao real: compra, confianca, risco, financiamento, decisao de troca ou aprendizado.",entra-ja,"Tema com ponte mais direta para utilidade editorial, busca qualificada ou valor comercial do Mercado Veiculos."
45,Maio,Eletrificação,"Lítio, cobalto e sódio: a corrida pelos materiais que vão definir qual bateria domina o carro elétrico de 2027",Disputa concreta de insumos. Nenhum resumo de IA entrega o argumento completo.,Novidades Automotivas,Dicas e Curiosidades,Concessionarias e Revendas,"Usar Novidades Automotivas quando a pauta for mercado, lancamento, infraestrutura ou mudanca setorial; usar Dicas e Curiosidades quando o foco for explicacao ao leitor comum; usar Concessionarias e Revendas quando a pauta afetar compra, revenda ou adocao comercial.",entra-ja,"Título com recorte brasileiro, dor prática, consumo, mercado ou impacto comercial mais encaixável no ecossistema MV."
46,Maio,Eletrificação,Por que o preço do carro elétrico ainda não caiu no Brasil — e quando isso vai realmente acontecer,Quando vai acontecer é pergunta de intenção alta. Força o clique para descobrir a resposta.,Novidades Automotivas,Dicas e Curiosidades,Concessionarias e Revendas,"Usar Novidades Automotivas quando a pauta for mercado, lancamento, infraestrutura ou mudanca setorial; usar Dicas e Curiosidades quando o foco for explicacao ao leitor comum; usar Concessionarias e Revendas quando a pauta afetar compra, revenda ou adocao comercial.",entra-ja,"Título com recorte brasileiro, dor prática, consumo, mercado ou impacto comercial mais encaixável no ecossistema MV."
47,Maio,Eletrificação,Elétrico de entrada: o segmento que as montadoras prometem há anos e o Brasil ainda espera nas concessionárias,Frustração do consumidor + cobrança à indústria. Alta identificação.,Novidades Automotivas,Dicas e Curiosidades,Concessionarias e Revendas,"Usar Novidades Automotivas quando a pauta for mercado, lancamento, infraestrutura ou mudanca setorial; usar Dicas e Curiosidades quando o foco for explicacao ao leitor comum; usar Concessionarias e Revendas quando a pauta afetar compra, revenda ou adocao comercial.",entra-ja,"Título com recorte brasileiro, dor prática, consumo, mercado ou impacto comercial mais encaixável no ecossistema MV."
48,Maio,Eletrificação,A segunda vida da bateria do carro elétrico: oportunidade de negócio ou problema ambiental disfarçado?,Tensão entre oportunidade e risco. Dupla leitura aumenta o alcance de público.,Novidades Automotivas,Dicas e Curiosidades,Concessionarias e Revendas,"Usar Novidades Automotivas quando a pauta for mercado, lancamento, infraestrutura ou mudanca setorial; usar Dicas e Curiosidades quando o foco for explicacao ao leitor comum; usar Concessionarias e Revendas quando a pauta afetar compra, revenda ou adocao comercial.",entra-ja,"Título com recorte brasileiro, dor prática, consumo, mercado ou impacto comercial mais encaixável no ecossistema MV."
50,Maio,Eletrificação,Frotas elétricas corporativas no Brasil: quem já está fazendo a transição e o que ainda trava os demais,Casos reais + obstáculos concretos. Público B2B de alta intenção.,Novidades Automotivas,Dicas e Curiosidades,Concessionarias e Revendas,"Usar Novidades Automotivas quando a pauta for mercado, lancamento, infraestrutura ou mudanca setorial; usar Dicas e Curiosidades quando o foco for explicacao ao leitor comum; usar Concessionarias e Revendas quando a pauta afetar compra, revenda ou adocao comercial.",entra-ja,"Título com recorte brasileiro, dor prática, consumo, mercado ou impacto comercial mais encaixável no ecossistema MV."
54,Maio,Software & Tech,Por que o sistema de infotainment do seu carro já está desatualizado antes de você sair da concessionária,Problema real do comprador. Alta identificação e frustração compartilhada.,Novidades Automotivas,Dicas e Curiosidades,Gestao e Operacao Automotiva,Concentrar em Novidades Automotivas para tecnologia embarcada e movimento de montadoras; usar Dicas e Curiosidades para explicacoes de uso/impacto; usar Gestao e Operacao Automotiva quando o foco for impacto operacional no negocio automotivo.,entra-ja,"Título com recorte brasileiro, dor prática, consumo, mercado ou impacto comercial mais encaixável no ecossistema MV."
57,Maio,Aftermarket,"Diagnóstico remoto, peça certa na hora certa: como a gestão de estoque do aftermarket está virando tech",Processo operacional transformado por tech. Atrai distribuidores e gestores.,Autopecas e Acessorios,Oficinas e Centros Automotivos,Gestao e Operacao Automotiva,"Melhor encaixe estrutural no MV. Direcionar para Autopecas e Acessorios quando a pauta orbitar componentes e distribuicao; para Oficinas e Centros Automotivos quando envolver servico, diagnostico ou adaptacao tecnica; para Gestao e Operacao quando o foco for estrategia do setor.",entra-ja,"Tema com ponte mais direta para utilidade editorial, busca qualificada ou valor comercial do Mercado Veiculos."
58,Maio,Aftermarket,O mercado de acessórios para elétricos está nascendo — e quem chegar primeiro vai definir as regras,Oportunidade de mercado nascente. Aciona empreendedores e distribuidores.,Autopecas e Acessorios,Oficinas e Centros Automotivos,Gestao e Operacao Automotiva,"Melhor encaixe estrutural no MV. Direcionar para Autopecas e Acessorios quando a pauta orbitar componentes e distribuicao; para Oficinas e Centros Automotivos quando envolver servico, diagnostico ou adaptacao tecnica; para Gestao e Operacao quando o foco for estrategia do setor.",entra-ja,"Tema com ponte mais direta para utilidade editorial, busca qualificada ou valor comercial do Mercado Veiculos."
59,Maio,Aftermarket,Revisão programada vs. manutenção preditiva: o confronto que vai redesenhar a receita das oficinas,Dois modelos em conflito. Quem está na oficina precisa entender essa mudança.,Autopecas e Acessorios,Oficinas e Centros Automotivos,Gestao e Operacao Automotiva,"Melhor encaixe estrutural no MV. Direcionar para Autopecas e Acessorios quando a pauta orbitar componentes e distribuicao; para Oficinas e Centros Automotivos quando envolver servico, diagnostico ou adaptacao tecnica; para Gestao e Operacao quando o foco for estrategia do setor.",entra-ja,"Tema com ponte mais direta para utilidade editorial, busca qualificada ou valor comercial do Mercado Veiculos."
60,Maio,Aftermarket,Como o técnico automotivo de 2026 precisa ser treinado — e por que as escolas técnicas ainda não perceberam,"Crítica à formação profissional. Ressoa com educadores, RH e donos de oficina.",Autopecas e Acessorios,Oficinas e Centros Automotivos,Gestao e Operacao Automotiva,"Melhor encaixe estrutural no MV. Direcionar para Autopecas e Acessorios quando a pauta orbitar componentes e distribuicao; para Oficinas e Centros Automotivos quando envolver servico, diagnostico ou adaptacao tecnica; para Gestao e Operacao quando o foco for estrategia do setor.",entra-ja,"Tema com ponte mais direta para utilidade editorial, busca qualificada ou valor comercial do Mercado Veiculos."
61,Maio,Aftermarket,Marketplace de autopeças: conveniência para o mecânico ou ameaça ao distribuidor tradicional?,Tensão de canal. Distribuidores e mecânicos leem isso com interesse imediato.,Autopecas e Acessorios,Oficinas e Centros Automotivos,Gestao e Operacao Automotiva,"Melhor encaixe estrutural no MV. Direcionar para Autopecas e Acessorios quando a pauta orbitar componentes e distribuicao; para Oficinas e Centros Automotivos quando envolver servico, diagnostico ou adaptacao tecnica; para Gestao e Operacao quando o foco for estrategia do setor.",entra-ja,"Tema com ponte mais direta para utilidade editorial, busca qualificada ou valor comercial do Mercado Veiculos."
62,Maio,Aftermarket,"A garantia estendida no carro elétrico: quem cobre, o que cobre e o que o contrato não diz claramente",O que o contrato não diz aciona o leitor protetor de si mesmo. Alto CTR de consumidor.,Autopecas e Acessorios,Oficinas e Centros Automotivos,Gestao e Operacao Automotiva,"Melhor encaixe estrutural no MV. Direcionar para Autopecas e Acessorios quando a pauta orbitar componentes e distribuicao; para Oficinas e Centros Automotivos quando envolver servico, diagnostico ou adaptacao tecnica; para Gestao e Operacao quando o foco for estrategia do setor.",entra-ja,"Tema com ponte mais direta para utilidade editorial, busca qualificada ou valor comercial do Mercado Veiculos."
67,Maio,Mobilidade,Motocicleta elétrica no Brasil: o veículo que pode chegar antes do carro elétrico na garagem do brasileiro,Tese surpreendente + âncora local. Força o clique para confirmar ou refutar.,Dicas e Curiosidades,Novidades Automotivas,Seguro e Protecao Veicular,"Usar com criterio. Vai melhor quando houver ponte clara com decisao automotiva, comportamento do consumidor ou impacto regulatorio/mercado no Brasil.",entra-ja,"Título com recorte brasileiro, dor prática, consumo, mercado ou impacto comercial mais encaixável no ecossistema MV."
69,Maio,Negócios,"Joint ventures, fusões e aquisições no setor automotivo: o mapa das movimentações que estão redesenhando o mercado",Mapa das movimentações promete conteúdo exclusivo de inteligência de mercado.,Marketing e Vendas para Negocios,Gestao de Clientes e CRM,Gestao e Operacao Automotiva,"Categoria-fonte boa para frente B2B. Traduzir para Marketing e Vendas, CRM ou Gestao e Operacao conforme a dor principal do operador automotivo.",entra-ja,"Tema com ponte mais direta para utilidade editorial, busca qualificada ou valor comercial do Mercado Veiculos."
70,Maio,Negócios,O revendedor multimarca está crescendo — e isso diz muito sobre o que o consumidor acha das concessionárias tradicionais,Sinal de mercado com interpretação. Exige o artigo para entender a implicação.,Marketing e Vendas para Negocios,Gestao de Clientes e CRM,Gestao e Operacao Automotiva,"Categoria-fonte boa para frente B2B. Traduzir para Marketing e Vendas, CRM ou Gestao e Operacao conforme a dor principal do operador automotivo.",entra-ja,"Tema com ponte mais direta para utilidade editorial, busca qualificada ou valor comercial do Mercado Veiculos."
71,Maio,Negócios,Precificação de veículos em 2026: por que o mesmo carro custa tão diferente dependendo de onde você compra,Injustiça percebida pelo consumidor. Altíssimo CTR em buscas de intenção de compra.,Marketing e Vendas para Negocios,Gestao de Clientes e CRM,Gestao e Operacao Automotiva,"Categoria-fonte boa para frente B2B. Traduzir para Marketing e Vendas, CRM ou Gestao e Operacao conforme a dor principal do operador automotivo.",entra-ja,"Tema com ponte mais direta para utilidade editorial, busca qualificada ou valor comercial do Mercado Veiculos."
72,Maio,Negócios,Startup automotiva no Brasil: o que falta para o ecossistema de mobilidade nacional crescer de verdade,"Lacuna + crítica construtiva. Atrai empreendedores, investidores e gestores de inovação.",Marketing e Vendas para Negocios,Gestao de Clientes e CRM,Gestao e Operacao Automotiva,"Categoria-fonte boa para frente B2B. Traduzir para Marketing e Vendas, CRM ou Gestao e Operacao conforme a dor principal do operador automotivo.",entra-ja,"Tema com ponte mais direta para utilidade editorial, busca qualificada ou valor comercial do Mercado Veiculos."
73,Maio,Negócios,Venda direta de montadora ao consumidor: o modelo que as concessionárias temem e os clientes ainda não entenderam,Conflito de canal com dois lados de audiência. Atrai ambos ao mesmo tempo.,Marketing e Vendas para Negocios,Gestao de Clientes e CRM,Gestao e Operacao Automotiva,"Categoria-fonte boa para frente B2B. Traduzir para Marketing e Vendas, CRM ou Gestao e Operacao conforme a dor principal do operador automotivo.",entra-ja,"Tema com ponte mais direta para utilidade editorial, busca qualificada ou valor comercial do Mercado Veiculos."
74,Maio,Negócios,O mercado de usados elétricos está nascendo — e ninguém ainda sabe como precificar o que ele vale,"Incerteza de mercado real. Vendedores, compradores e financiadoras precisam dessa resposta.",Marketing e Vendas para Negocios,Gestao de Clientes e CRM,Gestao e Operacao Automotiva,"Categoria-fonte boa para frente B2B. Traduzir para Marketing e Vendas, CRM ou Gestao e Operacao conforme a dor principal do operador automotivo.",entra-ja,"Tema com ponte mais direta para utilidade editorial, busca qualificada ou valor comercial do Mercado Veiculos."
80,Maio,Consumidor,O que os reviews no YouTube não contam sobre o carro que você quer comprar,Crítica à fonte mais usada de pesquisa automotiva. Instaura desconfiança produtiva.,Concessionarias e Revendas,Dicas e Curiosidades,Seguro e Protecao Veicular,"Nao publicar como categoria generica. Quebrar por intencao real: compra, confianca, risco, financiamento, decisao de troca ou aprendizado.",entra-ja,"Tema com ponte mais direta para utilidade editorial, busca qualificada ou valor comercial do Mercado Veiculos."
81,Maio,Consumidor,"Test drive virtual, configurador 3D e entrega em casa: a nova jornada de compra do carro no Brasil",Três inovações concretas encadeadas. Útil e atual para qualquer comprador.,Concessionarias e Revendas,Dicas e Curiosidades,Seguro e Protecao Veicular,"Nao publicar como categoria generica. Quebrar por intencao real: compra, confianca, risco, financiamento, decisao de troca ou aprendizado.",entra-ja,"Tema com ponte mais direta para utilidade editorial, busca qualificada ou valor comercial do Mercado Veiculos."
82,Maio,Consumidor,Por que tantas pessoas arrependem da compra do carro novo — e o que a indústria faz (ou não) para mudar isso,Arrependimento de compra é experiência universal. Alto volume de busca e identificação.,Concessionarias e Revendas,Dicas e Curiosidades,Seguro e Protecao Veicular,"Nao publicar como categoria generica. Quebrar por intencao real: compra, confianca, risco, financiamento, decisao de troca ou aprendizado.",entra-ja,"Tema com ponte mais direta para utilidade editorial, busca qualificada ou valor comercial do Mercado Veiculos."
83,Maio,Regulação & ESG,"Normas de emissões Euro 7 e seus reflexos no mercado brasileiro: o que muda para montadoras, importadores e consumidores",Regulação específica com impacto em cadeia. Três públicos em um título.,"IPVA, Impostos e Documentacao",Novidades Automotivas,Gestao e Operacao Automotiva,"Usar IPVA/Documentacao quando houver regra, imposto, exigencia ou impacto burocratico; usar Novidades quando for mudanca setorial; usar Gestao e Operacao para compliance e pressao operacional sobre negocios.",entra-ja,"Tema com ponte mais direta para utilidade editorial, busca qualificada ou valor comercial do Mercado Veiculos."
84,Maio,Regulação & ESG,Crédito de carbono no setor automotivo: mecanismo de compensação real ou greenwashing com logotipo verde?,Ceticismo legítimo embutido. Atrai quem quer ir além do discurso oficial.,"IPVA, Impostos e Documentacao",Novidades Automotivas,Gestao e Operacao Automotiva,"Usar IPVA/Documentacao quando houver regra, imposto, exigencia ou impacto burocratico; usar Novidades quando for mudanca setorial; usar Gestao e Operacao para compliance e pressao operacional sobre negocios.",entra-ja,"Tema com ponte mais direta para utilidade editorial, busca qualificada ou valor comercial do Mercado Veiculos."
85,Junho,Eletrificação,Autonomia real vs. autonomia anunciada: por que os números do carro elétrico não batem com o que você vive no dia a dia,Frustração universal do comprador de elétrico. Tensão entre promessa e realidade.,Novidades Automotivas,Dicas e Curiosidades,Concessionarias e Revendas,"Usar Novidades Automotivas quando a pauta for mercado, lancamento, infraestrutura ou mudanca setorial; usar Dicas e Curiosidades quando o foco for explicacao ao leitor comum; usar Concessionarias e Revendas quando a pauta afetar compra, revenda ou adocao comercial.",entra-ja,"Título com recorte brasileiro, dor prática, consumo, mercado ou impacto comercial mais encaixável no ecossistema MV."
86,Junho,Eletrificação,"O elétrico que funciona no frio, no calor e na estrada de chão: como o Brasil vai exigir que os EVs sejam diferentes",Contexto climático e viário brasileiro exclusivo. IA não consegue resumir sem perder o recorte.,Novidades Automotivas,Dicas e Curiosidades,Concessionarias e Revendas,"Usar Novidades Automotivas quando a pauta for mercado, lancamento, infraestrutura ou mudanca setorial; usar Dicas e Curiosidades quando o foco for explicacao ao leitor comum; usar Concessionarias e Revendas quando a pauta afetar compra, revenda ou adocao comercial.",entra-ja,"Título com recorte brasileiro, dor prática, consumo, mercado ou impacto comercial mais encaixável no ecossistema MV."
87,Junho,Eletrificação,Consórcio de carro elétrico: vale a pena ou é uma armadilha financeira em 2026?,Pergunta de intenção de compra altíssima. Dois lados de resposta — força leitura completa.,Novidades Automotivas,Dicas e Curiosidades,Concessionarias e Revendas,"Usar Novidades Automotivas quando a pauta for mercado, lancamento, infraestrutura ou mudanca setorial; usar Dicas e Curiosidades quando o foco for explicacao ao leitor comum; usar Concessionarias e Revendas quando a pauta afetar compra, revenda ou adocao comercial.",entra-ja,"Título com recorte brasileiro, dor prática, consumo, mercado ou impacto comercial mais encaixável no ecossistema MV."
88,Junho,Eletrificação,Por que as montadoras chinesas de elétricos estão vencendo uma batalha que as europeias ainda não perceberam que perderam,Provocação geopolítica com argumento de negócio. Difícil resumir sem tomar posição.,Novidades Automotivas,Dicas e Curiosidades,Concessionarias e Revendas,"Usar Novidades Automotivas quando a pauta for mercado, lancamento, infraestrutura ou mudanca setorial; usar Dicas e Curiosidades quando o foco for explicacao ao leitor comum; usar Concessionarias e Revendas quando a pauta afetar compra, revenda ou adocao comercial.",entra-ja,"Título com recorte brasileiro, dor prática, consumo, mercado ou impacto comercial mais encaixável no ecossistema MV."
89,Junho,Eletrificação,Recarga bidirecional: quando o seu carro elétrico começa a pagar a conta de luz da sua casa,Benefício financeiro concreto e surpreendente. Alto CTR em público de consumo e energia.,Novidades Automotivas,Dicas e Curiosidades,Concessionarias e Revendas,"Usar Novidades Automotivas quando a pauta for mercado, lancamento, infraestrutura ou mudanca setorial; usar Dicas e Curiosidades quando o foco for explicacao ao leitor comum; usar Concessionarias e Revendas quando a pauta afetar compra, revenda ou adocao comercial.",entra-ja,"Título com recorte brasileiro, dor prática, consumo, mercado ou impacto comercial mais encaixável no ecossistema MV."
90,Junho,Eletrificação,O plug-in híbrido que o Brasil ignorou por anos está voltando — e agora com argumento sólido de mercado,Reversão de narrativa. Leitores que descartaram o PHEV querem entender o que mudou.,Novidades Automotivas,Dicas e Curiosidades,Concessionarias e Revendas,"Usar Novidades Automotivas quando a pauta for mercado, lancamento, infraestrutura ou mudanca setorial; usar Dicas e Curiosidades quando o foco for explicacao ao leitor comum; usar Concessionarias e Revendas quando a pauta afetar compra, revenda ou adocao comercial.",entra-ja,"Título com recorte brasileiro, dor prática, consumo, mercado ou impacto comercial mais encaixável no ecossistema MV."
97,Junho,Aftermarket,O laudo veicular na era do carro conectado: como os dados de bordo estão mudando a perícia automotiva,"Nicho específico com transformação real. Peritos, seguradoras e oficinas leem com atenção.",Autopecas e Acessorios,Oficinas e Centros Automotivos,Gestao e Operacao Automotiva,"Melhor encaixe estrutural no MV. Direcionar para Autopecas e Acessorios quando a pauta orbitar componentes e distribuicao; para Oficinas e Centros Automotivos quando envolver servico, diagnostico ou adaptacao tecnica; para Gestao e Operacao quando o foco for estrategia do setor.",entra-ja,"Tema com ponte mais direta para utilidade editorial, busca qualificada ou valor comercial do Mercado Veiculos."
98,Junho,Aftermarket,Recondicionamento de baterias: o negócio que ainda não tem nome no Brasil mas já tem fila de demanda,Oportunidade sem nomenclatura consolidada. Empreendedores e distribuidores clicam para entender.,Autopecas e Acessorios,Oficinas e Centros Automotivos,Gestao e Operacao Automotiva,"Melhor encaixe estrutural no MV. Direcionar para Autopecas e Acessorios quando a pauta orbitar componentes e distribuicao; para Oficinas e Centros Automotivos quando envolver servico, diagnostico ou adaptacao tecnica; para Gestao e Operacao quando o foco for estrategia do setor.",entra-ja,"Tema com ponte mais direta para utilidade editorial, busca qualificada ou valor comercial do Mercado Veiculos."
99,Junho,Aftermarket,A oficina que não aceita carro conectado vai perder cliente para quem aceita — e a transição está acontecendo agora,Urgência + consequência direta. Alerta prático para donos de oficina.,Autopecas e Acessorios,Oficinas e Centros Automotivos,Gestao e Operacao Automotiva,"Melhor encaixe estrutural no MV. Direcionar para Autopecas e Acessorios quando a pauta orbitar componentes e distribuicao; para Oficinas e Centros Automotivos quando envolver servico, diagnostico ou adaptacao tecnica; para Gestao e Operacao quando o foco for estrategia do setor.",entra-ja,"Tema com ponte mais direta para utilidade editorial, busca qualificada ou valor comercial do Mercado Veiculos."
101,Junho,Aftermarket,O seguro do carro elétrico ainda não foi inventado — e as seguradoras estão correndo atrás de um produto que não existe direito,"Lacuna de mercado exposta. Seguradoras, corretores e compradores de EVs precisam desse conteúdo.",Autopecas e Acessorios,Oficinas e Centros Automotivos,Gestao e Operacao Automotiva,"Melhor encaixe estrutural no MV. Direcionar para Autopecas e Acessorios quando a pauta orbitar componentes e distribuicao; para Oficinas e Centros Automotivos quando envolver servico, diagnostico ou adaptacao tecnica; para Gestao e Operacao quando o foco for estrategia do setor.",entra-ja,"Tema com ponte mais direta para utilidade editorial, busca qualificada ou valor comercial do Mercado Veiculos."
102,Junho,Aftermarket,"Peça genuína, original ou remanufaturada: o glossário que toda oficina deveria ter na parede — e o cliente deveria entender antes de aprovar o orçamento",Educação do consumidor + utilidade prática. Compartilhável e resistente a resumo genérico.,Autopecas e Acessorios,Oficinas e Centros Automotivos,Gestao e Operacao Automotiva,"Melhor encaixe estrutural no MV. Direcionar para Autopecas e Acessorios quando a pauta orbitar componentes e distribuicao; para Oficinas e Centros Automotivos quando envolver servico, diagnostico ou adaptacao tecnica; para Gestao e Operacao quando o foco for estrategia do setor.",entra-ja,"Tema com ponte mais direta para utilidade editorial, busca qualificada ou valor comercial do Mercado Veiculos."
103,Junho,Mobilidade,O ônibus elétrico que chegou antes do carro elétrico nas cidades brasileiras — e o que isso diz sobre as prioridades de mobilidade,Inversão de expectativa com implicação política. Ângulo original e difícil de resumir.,Dicas e Curiosidades,Novidades Automotivas,Seguro e Protecao Veicular,"Usar com criterio. Vai melhor quando houver ponte clara com decisao automotiva, comportamento do consumidor ou impacto regulatorio/mercado no Brasil.",entra-ja,"Título com recorte brasileiro, dor prática, consumo, mercado ou impacto comercial mais encaixável no ecossistema MV."
105,Junho,Mobilidade,"Patinete, bike e carro compartilhado: o que os dados de uso real dizem sobre qual modal o brasileiro realmente adotou",Dados de uso real contra o discurso de tendência. Ceticismo produtivo que gera clique.,Dicas e Curiosidades,Novidades Automotivas,Seguro e Protecao Veicular,"Usar com criterio. Vai melhor quando houver ponte clara com decisao automotiva, comportamento do consumidor ou impacto regulatorio/mercado no Brasil.",entra-ja,"Título com recorte brasileiro, dor prática, consumo, mercado ou impacto comercial mais encaixável no ecossistema MV."
106,Junho,Mobilidade,A regulação do carro autônomo no Brasil: quem está escrevendo as regras e quem está de fora dessa conversa,"Poder e exclusão. Atrai advogados, gestores públicos e executivos do setor.",Dicas e Curiosidades,Novidades Automotivas,Seguro e Protecao Veicular,"Usar com criterio. Vai melhor quando houver ponte clara com decisao automotiva, comportamento do consumidor ou impacto regulatorio/mercado no Brasil.",entra-ja,"Título com recorte brasileiro, dor prática, consumo, mercado ou impacto comercial mais encaixável no ecossistema MV."
107,Junho,Mobilidade,"Aeromóvel, VLT e monotrilho: por que o Brasil continua construindo mobilidade cara e deixando o elétrico de lado",Crítica à política pública de transporte. Alto engajamento em público urbano e acadêmico.,Dicas e Curiosidades,Novidades Automotivas,Seguro e Protecao Veicular,"Usar com criterio. Vai melhor quando houver ponte clara com decisao automotiva, comportamento do consumidor ou impacto regulatorio/mercado no Brasil.",entra-ja,"Título com recorte brasileiro, dor prática, consumo, mercado ou impacto comercial mais encaixável no ecossistema MV."
108,Junho,Mobilidade,Frota de táxis elétricos: o modelo que funcionou em Shenzhen e o que o Brasil precisa adaptar para fazer o mesmo,Caso internacional + desafio local. Benchmarking editorial que exige leitura completa.,Dicas e Curiosidades,Novidades Automotivas,Seguro e Protecao Veicular,"Usar com criterio. Vai melhor quando houver ponte clara com decisao automotiva, comportamento do consumidor ou impacto regulatorio/mercado no Brasil.",entra-ja,"Título com recorte brasileiro, dor prática, consumo, mercado ou impacto comercial mais encaixável no ecossistema MV."
109,Junho,Negócios,"O fim do modelo de receita das montadoras como conhecemos: hardware, software e serviços — quem vai lucrar com o quê daqui pra frente",Ruptura de modelo de negócio com três variáveis. Impossível resumir sem distorcer.,Marketing e Vendas para Negocios,Gestao de Clientes e CRM,Gestao e Operacao Automotiva,"Categoria-fonte boa para frente B2B. Traduzir para Marketing e Vendas, CRM ou Gestao e Operacao conforme a dor principal do operador automotivo.",entra-ja,"Tema com ponte mais direta para utilidade editorial, busca qualificada ou valor comercial do Mercado Veiculos."
110,Junho,Negócios,"Quanto vale uma montadora que não vende mais carro — e sim mobilidade, dados e experiência?","Pergunta de valuation com reframe radical. Atrai investidores, analistas e executivos.",Marketing e Vendas para Negocios,Gestao de Clientes e CRM,Gestao e Operacao Automotiva,"Categoria-fonte boa para frente B2B. Traduzir para Marketing e Vendas, CRM ou Gestao e Operacao conforme a dor principal do operador automotivo.",entra-ja,"Tema com ponte mais direta para utilidade editorial, busca qualificada ou valor comercial do Mercado Veiculos."
111,Junho,Negócios,O distribuidor de veículos pesados diante da eletrificação: oportunidade silenciosa que poucos estão vendo,Silenciosa + poucos estão vendo criam senso de acesso exclusivo. Nicho de alto valor.,Marketing e Vendas para Negocios,Gestao de Clientes e CRM,Gestao e Operacao Automotiva,"Categoria-fonte boa para frente B2B. Traduzir para Marketing e Vendas, CRM ou Gestao e Operacao conforme a dor principal do operador automotivo.",entra-ja,"Tema com ponte mais direta para utilidade editorial, busca qualificada ou valor comercial do Mercado Veiculos."
112,Junho,Negócios,Marca própria de bateria: por que as montadoras que apostaram nisso estão em vantagem — e as que terceirizaram estão preocupadas,Decisão estratégica com vencedores e perdedores identificáveis. Narrativa de negócio completa.,Marketing e Vendas para Negocios,Gestao de Clientes e CRM,Gestao e Operacao Automotiva,"Categoria-fonte boa para frente B2B. Traduzir para Marketing e Vendas, CRM ou Gestao e Operacao conforme a dor principal do operador automotivo.",entra-ja,"Tema com ponte mais direta para utilidade editorial, busca qualificada ou valor comercial do Mercado Veiculos."
113,Junho,Negócios,A guerra dos chips automotivos ainda não acabou — e a próxima escassez já está sendo gestada agora,Continuidade de crise conhecida com ameaça futura. Urgência editorial legítima.,Marketing e Vendas para Negocios,Gestao de Clientes e CRM,Gestao e Operacao Automotiva,"Categoria-fonte boa para frente B2B. Traduzir para Marketing e Vendas, CRM ou Gestao e Operacao conforme a dor principal do operador automotivo.",entra-ja,"Tema com ponte mais direta para utilidade editorial, busca qualificada ou valor comercial do Mercado Veiculos."
114,Junho,Negócios,Dealer digital: a concessionária que existe só no app — utopia de startup ou modelo de negócio com futuro real?,Tensão entre inovação e viabilidade. Dois públicos em conflito lendo o mesmo artigo.,Marketing e Vendas para Negocios,Gestao de Clientes e CRM,Gestao e Operacao Automotiva,"Categoria-fonte boa para frente B2B. Traduzir para Marketing e Vendas, CRM ou Gestao e Operacao conforme a dor principal do operador automotivo.",entra-ja,"Tema com ponte mais direta para utilidade editorial, busca qualificada ou valor comercial do Mercado Veiculos."
118,Junho,IA & Dados,LLM no atendimento da concessionária: o chatbot que finalmente entende o que o cliente quer — e os limites que ele ainda não superou,Equilíbrio entre capacidade e limitação. Evita hype e ceticismo — postura editorial madura.,Gestao e Operacao Automotiva,Marketing e Vendas para Negocios,Novidades Automotivas,"Nao tratar como categoria publica propria por enquanto. Encaixar conforme o uso pratico: operacao, vendas ou novidade de mercado.",entra-ja,"Título com recorte brasileiro, dor prática, consumo, mercado ou impacto comercial mais encaixável no ecossistema MV."
120,Junho,Consumidor,"O que ninguém te conta na hora de comprar um carro elétrico usado: bateria, histórico e as perguntas que você precisa fazer",Guia prático com senso de alerta. Altíssimo CTR em público de intenção de compra.,Concessionarias e Revendas,Dicas e Curiosidades,Seguro e Protecao Veicular,"Nao publicar como categoria generica. Quebrar por intencao real: compra, confianca, risco, financiamento, decisao de troca ou aprendizado.",entra-ja,"Tema com ponte mais direta para utilidade editorial, busca qualificada ou valor comercial do Mercado Veiculos."
121,Junho,Consumidor,Carro novo a cada 2 anos: o ciclo de troca que virou padrão — e o que ele diz sobre como o brasileiro vê o veículo hoje,Comportamento de consumo com implicação cultural. Identificação imediata.,Concessionarias e Revendas,Dicas e Curiosidades,Seguro e Protecao Veicular,"Nao publicar como categoria generica. Quebrar por intencao real: compra, confianca, risco, financiamento, decisao de troca ou aprendizado.",entra-ja,"Tema com ponte mais direta para utilidade editorial, busca qualificada ou valor comercial do Mercado Veiculos."
122,Junho,Consumidor,Personalização do veículo em 2026: do acessório físico ao perfil digital — como o carro está virando extensão da identidade do dono,Identidade + tecnologia. Ressoa com consumidores jovens e premium ao mesmo tempo.,Concessionarias e Revendas,Dicas e Curiosidades,Seguro e Protecao Veicular,"Nao publicar como categoria generica. Quebrar por intencao real: compra, confianca, risco, financiamento, decisao de troca ou aprendizado.",entra-ja,"Tema com ponte mais direta para utilidade editorial, busca qualificada ou valor comercial do Mercado Veiculos."
123,Junho,Regulação & ESG,Inventário de carbono na cadeia automotiva: o relatório que vai se tornar obrigatório — e que a maioria das empresas ainda não sabe fazer,"Obrigação futura + lacuna atual. Urgência para compliance, ESG e financeiro.","IPVA, Impostos e Documentacao",Novidades Automotivas,Gestao e Operacao Automotiva,"Usar IPVA/Documentacao quando houver regra, imposto, exigencia ou impacto burocratico; usar Novidades quando for mudanca setorial; usar Gestao e Operacao para compliance e pressao operacional sobre negocios.",entra-ja,"Tema com ponte mais direta para utilidade editorial, busca qualificada ou valor comercial do Mercado Veiculos."
